CustomerID,Gender,SeniorCitizen,Partner,Dependents,Tenure,InternetService,MonthlyCharges,TotalCharges,Contract,PaymentMethod,Churn
1,1,0,0,1,20,1,84.81,2648.24,2,1,0
2,0,1,1,1,63,0,21.84,1123.09,1,1,1
3,1,1,1,1,36,0,85.4,3204.34,0,0,0
4,1,1,1,0,26,0,81.86,7839.72,2,0,0
5,1,1,0,1,54,1,50.98,1822.53,1,1,0
6,0,0,0,0,28,0,28.58,4905.03,2,1,1
7,1,1,0,0,19,1,29.09,3475.12,2,3,1
8,1,0,0,1,24,0,112.32,586.78,0,0,1
9,1,0,0,1,69,0,88.93,3913.26,0,1,1
10,0,0,0,0,62,0,32.71,5623.27,2,3,0
11,1,0,0,0,35,1,55.67,4115.5,0,2,1
12,1,0,1,1,1,1,79.25,6979.41,0,0,0
13,1,1,0,1,21,0,103.56,2325.72,1,1,1
14,1,1,1,1,15,2,24.37,708.27,1,0,1
15,0,1,1,0,17,1,43.66,7493.79,2,3,1
16,1,1,0,0,68,1,108.97,3038.01,2,1,1
17,0,0,0,0,53,0,20.92,4619.72,2,2,1
18,0,1,1,0,29,2,40.14,6340.18,2,2,0
19,0,0,1,0,44,0,115.9,2608.02,1,3,1
20,1,1,0,1,18,1,81.34,5734.99,0,2,1
21,0,0,0,1,33,1,46.17,1100.64,1,2,1
22,1,0,1,0,12,0,26.7,2344.52,2,2,1
23,0,1,0,0,42,0,22.82,1174.79,2,2,1
24,0,0,0,1,61,2,44.47,6493.62,1,2,0
25,0,0,0,1,21,2,108.15,1796.74,1,2,1
26,0,1,1,1,51,1,61.59,5744.88,2,2,0
27,0,0,1,1,51,2,92.03,7547.52,0,1,1
28,0,1,1,0,35,2,111.83,4231.62,2,2,0
29,0,1,0,1,18,1,60.8,4329.43,1,1,1
30,0,1,0,0,37,1,39.13,3699.05,2,0,1
31,1,0,1,1,69,1,71.71,2620.6,2,3,0
32,1,0,1,1,56,1,110.81,3815.73,0,2,1
33,0,0,1,1,19,0,100.44,4830.4,2,3,0
34,0,1,0,0,8,1,26.58,7888.21,2,2,1
35,0,0,1,0,31,1,89.26,7503.36,2,1,0
36,1,1,1,1,3,1,77.19,6899.98,1,2,0
37,0,1,0,0,49,2,110.75,7115.26,1,0,0
38,1,0,0,0,4,1,32.25,3753.44,0,3,1
39,1,1,0,1,19,0,73.4,5266.41,2,3,0
40,1,0,1,1,36,0,107.95,7162.63,1,0,1
41,1,0,0,0,21,1,61.0,3155.75,0,1,0
42,1,0,0,0,57,0,68.2,7694.86,2,1,0
43,0,0,1,0,67,2,27.05,3337.97,0,0,0
44,0,0,0,1,43,1,47.81,4816.64,0,3,1
45,0,1,1,1,33,0,52.45,5684.24,0,2,1
46,0,1,1,0,41,0,114.51,7605.72,0,1,1
47,0,1,0,1,8,1,48.27,1972.04,0,2,0
48,1,0,0,1,6,0,66.09,5974.13,0,3,1
49,0,0,0,0,67,1,87.13,4176.11,0,2,1
50,0,0,0,0,18,0,36.22,2163.09,2,0,0
51,1,1,0,1,30,2,68.64,6217.32,2,1,0
52,0,0,0,1,34,0,93.85,4426.73,0,1,1
53,1,1,1,0,56,0,106.69,5294.57,2,0,1
54,0,1,1,1,60,1,82.63,2596.75,0,0,1
55,1,0,0,1,30,0,86.91,3860.57,2,1,0
56,0,0,1,0,52,1,32.63,4946.49,1,1,0
57,0,1,0,0,31,2,114.58,3251.19,0,1,0
58,1,0,1,1,65,1,33.26,1603.01,1,3,0
59,1,1,1,1,58,1,97.47,7693.89,0,3,0
60,1,0,1,1,9,0,46.48,4101.51,0,3,1
61,1,0,0,0,1,2,113.36,5876.68,1,2,1
62,1,1,1,1,65,1,92.0,3300.16,1,3,1
63,1,0,0,1,59,0,95.38,2853.95,1,1,0
64,1,1,1,0,16,0,41.91,3269.17,0,3,0
65,1,0,1,0,15,1,64.3,3285.39,1,1,1
66,0,1,1,1,15,0,81.78,4362.56,1,0,1
67,0,1,1,0,45,1,97.0,4356.89,2,2,1
68,1,0,1,0,38,1,30.4,3987.29,2,2,0
69,0,1,0,1,30,1,116.24,1095.59,1,0,0
70,0,0,0,0,0,2,109.02,3978.68,1,1,0
71,0,0,1,0,10,1,47.03,1369.45,1,2,0
72,0,0,1,1,3,0,102.28,1026.56,1,3,0
73,1,1,1,0,70,2,71.83,7462.51,2,1,1
74,0,1,1,1,25,0,66.18,4847.5,0,2,1
75,1,0,0,1,49,2,51.44,5282.73,1,0,0
76,0,0,1,0,11,2,78.1,3226.31,1,1,0
77,0,1,0,0,64,2,92.99,7273.67,2,2,1
78,0,0,1,0,46,2,61.09,5110.69,1,0,0
79,1,0,0,1,52,0,82.92,6157.98,1,1,0
80,0,1,1,0,70,1,89.93,2961.13,2,3,1
81,1,0,1,1,1,0,91.11,7680.89,1,1,0
82,0,1,0,0,23,1,25.2,6567.28,1,3,0
83,1,0,1,0,3,0,105.97,6834.51,2,1,1
84,0,1,1,0,18,2,65.83,1394.11,0,0,0
85,1,0,1,1,25,2,46.24,2182.29,1,3,0
86,1,0,0,0,39,1,44.18,2299.3,1,3,1
87,0,1,1,0,49,1,68.3,2181.86,0,1,1
88,1,0,1,1,42,0,108.68,6846.16,2,2,0
89,0,1,0,1,66,1,57.83,274.44,0,3,1
90,0,0,0,0,11,0,94.97,627.28,1,1,1
91,0,1,0,0,66,1,29.68,2205.84,0,0,0
92,0,1,1,0,26,1,67.61,1614.99,2,1,1
93,0,1,1,1,53,1,119.17,1870.24,1,1,0
94,0,1,1,1,65,2,97.04,6387.59,2,3,1
95,0,0,0,1,48,2,41.05,4513.75,2,2,1
96,0,0,1,1,15,0,70.14,66.05,0,0,0
97,0,1,1,0,1,1,43.36,3446.0,0,3,0
98,0,1,0,1,59,0,60.96,3274.92,2,3,0
99,0,1,0,1,53,1,98.01,929.28,2,3,1
100,1,0,0,1,29,2,97.12,5415.61,1,0,0
101,1,0,0,0,37,2,42.81,5622.74,2,2,0
102,0,0,0,0,27,1,112.22,5772.73,2,0,1
103,0,0,1,1,24,1,79.26,5833.2,0,0,1
104,0,1,0,1,9,2,57.99,20.42,2,2,1
105,0,1,1,0,59,2,70.19,7632.29,2,0,0
106,0,1,1,0,41,0,80.51,6517.39,0,1,1
107,0,0,0,0,39,2,75.99,7233.77,1,0,1
108,0,0,0,0,41,1,68.64,144.83,0,3,0
109,0,0,0,0,46,0,70.49,7472.19,0,0,1
110,1,1,1,0,36,1,37.64,6482.11,2,3,1
111,0,1,0,0,21,0,101.27,6701.01,2,0,0
112,1,0,0,0,56,1,74.18,764.43,1,3,1
113,0,1,0,1,26,2,33.11,5915.45,2,3,0
114,0,0,0,1,40,1,96.62,7680.14,1,3,0
115,1,0,0,1,33,0,113.24,5434.81,1,2,0
116,0,1,1,1,31,1,114.73,4573.08,1,0,0
117,1,0,1,1,65,0,56.9,7566.12,1,0,0
118,0,1,1,1,11,1,33.55,3554.64,2,1,1
119,0,0,0,0,39,2,71.84,4802.36,0,1,0
120,1,1,0,0,9,2,31.26,3821.18,0,1,0
121,0,1,0,1,47,1,113.4,7464.11,2,0,0
122,1,1,1,1,19,1,38.36,627.16,2,2,0
123,0,0,0,0,38,1,45.28,4018.94,1,3,1
124,1,0,0,0,59,0,60.66,5501.88,2,0,1
125,1,1,0,0,65,1,58.32,6339.41,0,2,1
126,0,1,1,1,64,1,99.47,4672.49,2,2,0
127,0,0,0,0,50,0,65.63,7273.16,2,0,1
128,1,0,1,1,35,2,37.08,7537.09,1,3,1
129,0,0,0,1,23,1,46.72,533.27,1,2,0
130,0,1,1,0,26,1,70.91,3230.92,1,0,0
131,0,0,1,0,1,2,34.75,207.2,1,3,1
132,1,0,1,1,30,2,81.17,2648.74,0,1,1
133,1,1,0,0,56,0,76.57,4304.21,2,2,1
134,1,0,0,0,65,1,91.47,7288.14,2,2,1
135,1,0,1,1,28,1,113.77,6775.5,1,0,0
136,1,0,1,0,14,0,111.23,1037.45,0,0,0
137,1,1,0,1,11,2,114.61,762.38,0,3,0
138,1,1,0,1,27,0,44.47,4722.35,2,1,0
139,1,1,1,0,23,2,33.16,4266.3,1,1,0
140,1,1,0,1,20,0,50.23,2145.69,2,0,1
141,0,1,0,1,9,2,109.51,7197.64,2,0,0
142,1,1,0,0,17,0,117.21,7420.38,0,3,0
143,0,1,0,0,13,2,105.93,3232.84,0,0,1
144,0,0,1,0,33,2,31.0,7124.61,2,3,0
145,0,0,0,1,57,2,114.74,3083.91,1,3,1
146,1,1,0,1,21,2,62.34,5899.8,1,1,0
147,1,0,1,0,69,2,20.93,3818.02,2,3,0
148,1,0,1,1,35,1,64.24,998.21,2,1,0
149,1,1,0,0,44,2,24.61,7424.91,1,1,1
150,0,0,0,0,35,1,74.39,3643.69,1,1,0
151,1,0,0,1,21,2,53.86,5881.21,1,0,1
152,1,0,0,0,60,1,67.34,2950.05,2,1,0
153,1,0,1,1,55,1,81.32,170.67,0,3,0
154,1,0,1,1,32,0,106.88,822.23,1,0,1
155,1,1,1,0,44,2,86.19,3979.83,1,3,1
156,0,1,0,1,35,0,63.4,5525.92,1,0,0
157,1,1,0,0,19,0,101.94,2691.19,2,3,1
158,0,0,0,1,17,2,110.56,5570.0,0,2,0
159,1,1,0,1,37,0,31.98,5595.11,0,2,0
160,0,0,1,1,66,2,73.19,5637.41,1,2,1
161,1,0,1,0,22,0,48.45,3950.32,2,3,1
162,1,0,0,1,15,2,24.71,7320.79,0,0,1
163,0,0,1,0,58,2,86.85,3923.79,2,1,0
164,0,1,0,1,68,2,106.28,3613.12,0,1,1
165,0,1,0,1,67,1,36.29,1611.06,1,3,0
166,1,0,1,0,20,0,101.24,2475.09,2,3,1
167,0,1,0,0,69,1,105.34,357.83,1,3,1
168,1,0,0,0,11,0,111.43,5075.61,0,3,1
169,1,1,1,0,15,0,46.53,2003.32,0,1,1
170,0,1,0,0,13,0,110.4,2447.16,1,0,1
171,0,0,0,1,60,1,52.07,6171.1,0,1,0
172,1,1,1,1,70,0,75.23,2631.23,1,3,1
173,1,0,0,0,45,1,25.05,1952.72,1,2,1
174,0,1,1,1,31,2,24.39,1369.08,1,1,0
175,0,0,0,1,14,0,92.04,6203.37,0,2,0
176,0,0,1,1,43,0,64.45,1055.06,2,2,0
177,1,1,1,0,16,2,45.63,3640.96,1,3,0
178,1,1,1,1,40,2,39.04,4065.3,2,1,1
179,1,0,0,1,53,0,87.0,5505.37,0,0,1
180,1,1,1,1,43,2,20.04,5073.6,0,1,0
181,1,1,1,0,4,1,100.59,6489.55,2,0,1
182,1,0,1,1,26,1,27.92,377.12,1,0,0
183,0,0,1,1,42,0,39.15,2385.6,0,3,0
184,1,1,1,0,30,1,58.62,2255.47,1,0,1
185,1,0,0,0,16,1,68.49,1185.21,1,1,1
186,1,0,0,1,53,0,55.5,2327.64,2,1,0
187,0,0,0,1,61,2,52.07,2491.93,0,2,1
188,1,1,0,0,31,0,116.39,4184.64,2,0,0
189,1,1,0,0,39,1,84.16,5316.36,0,3,0
190,0,0,0,0,12,0,22.34,3061.18,2,3,0
191,1,1,0,0,34,0,63.02,5761.37,0,1,0
192,1,0,1,0,4,1,107.5,2702.6,0,0,1
193,1,1,0,0,28,1,50.15,2336.46,0,3,0
194,1,0,1,0,69,0,29.46,4338.68,1,0,0
195,1,0,1,1,24,1,95.84,209.26,1,0,0
196,0,1,0,0,21,1,80.6,656.72,2,2,1
197,0,0,1,0,65,1,77.03,3355.4,2,3,0
198,0,1,1,1,44,1,25.36,7544.44,0,2,0
199,1,1,1,0,68,1,34.05,5777.66,0,3,1
200,1,0,1,0,71,1,82.25,723.25,1,0,0
201,1,0,0,1,0,2,40.78,6773.62,1,3,0
202,0,1,0,0,43,0,70.41,5863.76,1,1,0
203,1,0,0,1,38,1,74.49,4895.35,2,0,0
204,1,0,0,1,53,0,48.35,6565.94,1,3,1
205,0,0,0,1,28,2,114.84,3244.8,2,2,1
206,1,0,0,1,53,1,104.25,1787.58,1,2,1
207,0,0,0,0,15,0,92.24,4105.95,1,0,0
208,0,1,0,1,19,1,27.8,4399.76,0,2,1
209,0,1,0,1,45,1,30.61,4315.84,2,0,1
210,1,0,0,0,66,1,69.28,4529.29,1,0,0
211,1,0,1,1,64,1,36.07,7590.67,0,0,1
212,1,0,0,1,57,1,117.83,7219.92,2,3,1
213,1,1,1,1,52,1,35.85,7008.22,2,0,1
214,1,0,1,1,0,1,68.75,6415.31,1,2,0
215,1,1,1,0,65,2,56.41,7548.56,2,1,0
216,1,1,1,1,28,2,83.94,805.99,0,3,1
217,0,1,0,0,69,1,32.9,2135.68,0,2,1
218,1,0,1,0,7,1,63.03,3970.55,2,0,0
219,0,1,0,1,28,2,47.47,6775.35,0,0,0
220,1,0,0,1,50,2,108.78,4051.22,2,1,0
221,1,1,1,1,32,2,24.06,5989.32,0,2,0
222,1,0,0,1,2,1,111.37,1128.9,2,3,1
223,0,1,1,0,59,0,103.3,2034.26,2,2,0
224,0,0,1,0,34,0,49.76,5859.57,2,0,1
225,0,1,0,0,68,0,98.93,1334.58,0,3,0
226,0,0,0,1,19,0,23.12,2823.82,2,0,0
227,1,0,1,0,38,1,116.69,2133.63,2,0,0
228,0,0,0,1,3,0,72.66,2811.9,1,2,0
229,1,0,0,1,18,2,50.33,5672.43,1,1,1
230,1,1,0,1,44,2,56.26,2955.42,2,0,1
231,0,1,1,1,42,0,26.64,4451.0,1,2,1
232,0,0,1,1,12,2,118.93,817.46,2,3,0
233,0,1,0,0,12,1,23.93,6444.04,1,1,1
234,0,0,0,0,59,0,85.49,2971.71,0,0,0
235,0,0,0,1,56,0,64.27,5195.3,0,0,0
236,0,1,0,0,51,1,114.89,5808.61,2,3,1
237,0,0,0,1,52,2,44.6,1693.09,2,2,0
238,0,0,1,1,42,1,73.21,7079.71,0,0,0
239,1,1,0,1,71,1,68.24,4937.47,0,3,1
240,0,0,1,0,71,2,90.29,3441.23,1,0,0
241,0,0,0,1,41,1,26.8,1475.03,2,2,0
242,1,0,1,1,25,2,39.38,7539.56,0,1,1
243,0,0,0,0,22,2,41.46,6045.44,0,2,1
244,1,1,1,0,42,1,93.82,1680.04,2,2,0
245,1,1,0,0,27,2,38.91,2714.93,1,2,1
246,0,1,1,1,8,1,77.35,6481.2,1,3,0
247,1,0,1,1,19,2,41.52,5571.51,1,0,1
248,1,0,1,0,55,0,106.16,6130.96,1,1,0
249,1,1,1,1,38,2,114.22,3540.78,0,3,1
250,1,0,1,0,50,2,71.85,5737.48,2,2,1
251,0,0,1,0,11,1,55.23,3104.22,2,1,0
252,1,0,0,1,54,2,43.41,1705.88,0,2,1
253,0,0,1,1,10,0,24.98,5068.76,0,2,1
254,1,1,0,0,25,0,46.85,7808.59,0,2,0
255,1,1,0,0,41,2,85.42,2498.6,2,1,1
256,1,1,0,0,26,2,73.36,3698.54,2,0,1
257,1,0,0,0,10,0,114.4,5398.53,2,2,1
258,0,1,0,1,37,1,59.63,4341.22,1,0,0
259,0,1,1,0,42,0,89.39,6750.55,0,1,1
260,1,0,1,0,18,0,68.93,6098.71,0,1,0
261,1,0,1,0,63,2,71.26,485.21,0,2,0
262,0,1,0,1,5,2,46.78,7987.4,2,0,1
263,1,1,1,1,45,0,65.5,6024.17,0,0,0
264,1,1,1,0,41,1,67.08,6913.95,0,2,0
265,1,1,1,1,64,0,90.66,5216.56,1,3,0
266,0,0,1,1,71,0,114.06,6853.16,2,3,0
267,0,1,1,1,58,1,52.93,916.82,0,1,1
268,0,1,0,0,51,0,24.22,2794.95,2,1,1
269,1,0,1,0,46,0,69.63,7013.84,2,3,1
270,1,1,0,1,6,2,74.45,1629.21,2,3,0
271,0,0,0,0,10,1,36.84,644.37,1,3,0
272,0,0,0,0,60,2,96.05,6309.19,2,2,1
273,0,0,0,1,67,2,118.49,6687.18,2,2,0
274,0,1,0,1,24,1,114.58,1317.96,2,2,1
275,1,1,1,0,11,1,39.71,6837.68,0,2,0
276,0,0,1,1,25,0,107.54,5500.41,1,2,1
277,1,1,1,0,11,2,90.45,4170.26,0,2,1
278,0,1,0,0,42,1,65.38,6645.4,1,1,1
279,1,0,1,1,50,2,74.06,3365.61,1,0,0
280,0,0,1,0,36,2,104.96,1568.07,2,1,1
281,0,1,0,0,45,1,68.01,2293.12,2,0,0
282,0,0,0,1,52,0,57.32,4051.21,0,1,0
283,0,1,0,1,12,2,69.32,4260.02,1,1,1
284,1,1,0,1,53,1,77.91,6448.53,2,2,1
285,0,1,1,0,56,0,38.91,6334.99,2,2,0
286,1,1,0,1,3,2,110.09,4659.31,2,0,0
287,1,0,0,1,48,1,87.42,6250.67,2,0,1
288,1,0,1,1,6,2,83.33,1550.35,0,2,1
289,1,0,1,1,10,1,29.95,419.51,0,1,0
290,0,0,0,0,53,1,80.42,6991.6,2,0,1
291,1,1,1,0,44,2,32.1,622.92,2,3,1
292,1,1,0,1,22,2,27.87,1988.57,2,3,1
293,1,0,0,0,27,1,72.73,5568.65,2,3,1
294,0,1,1,1,56,0,60.28,3287.39,2,0,0
295,0,1,1,1,25,2,78.88,7012.99,1,2,0
296,0,1,0,0,24,1,28.92,2397.88,1,2,1
297,0,0,0,0,53,1,63.1,114.73,1,2,1
298,1,0,0,1,28,0,37.48,2419.23,1,0,0
299,1,0,1,1,35,0,118.71,4633.04,2,0,0
300,0,1,0,0,13,0,76.12,3019.99,1,3,0
301,1,0,0,1,34,2,88.74,4288.28,1,0,0
302,1,0,0,0,29,1,52.54,7015.25,0,3,0
303,1,0,0,1,16,1,29.47,7301.63,1,3,1
304,0,0,0,1,66,1,117.59,2142.47,1,2,1
305,0,0,1,0,29,0,48.63,3707.88,2,0,0
306,1,0,0,0,44,1,62.38,4402.17,1,2,0
307,0,1,0,0,50,2,84.99,7593.92,1,2,1
308,0,1,0,0,46,0,22.47,7988.97,2,0,0
309,0,0,0,0,52,0,101.03,1898.55,1,0,0
310,0,0,1,0,63,0,73.66,5821.3,2,1,1
311,0,1,1,0,37,0,47.82,3036.69,1,3,1
312,1,1,1,1,63,2,26.16,84.7,0,1,1
313,0,0,0,1,6,1,36.25,93.84,0,3,1
314,1,0,0,1,21,2,109.5,3695.32,1,3,0
315,1,0,1,0,40,1,88.6,3916.91,0,3,1
316,0,0,1,0,9,2,44.99,200.11,2,2,0
317,1,1,1,0,56,0,26.56,5501.68,1,2,0
318,1,0,0,1,6,0,89.06,2366.15,2,0,0
319,1,0,0,0,49,2,77.24,4487.95,0,3,0
320,0,0,1,0,51,2,60.45,2421.33,2,3,1
321,0,0,1,1,32,1,56.36,1353.73,0,3,0
322,1,1,1,0,0,2,41.68,3269.25,0,2,0
323,0,1,0,1,52,2,86.96,1873.54,0,0,0
324,0,1,0,1,59,1,117.07,4287.71,2,2,1
325,0,0,0,0,33,1,37.57,1606.65,0,1,1
326,0,0,1,0,3,1,79.71,4077.08,1,1,1
327,1,1,1,0,16,2,62.42,1275.88,0,1,1
328,1,0,0,1,3,1,64.67,5374.38,1,0,1
329,0,0,1,1,42,0,45.41,6036.42,1,1,0
330,0,1,0,1,3,0,102.51,900.95,1,0,1
331,1,1,1,0,0,0,68.53,3753.06,1,2,0
332,1,1,1,0,70,2,74.34,585.56,2,2,1
333,0,1,1,0,49,0,50.48,4793.5,1,0,0
334,1,0,1,0,60,2,38.18,2129.95,0,2,1
335,0,0,0,1,34,2,28.59,4230.44,1,2,0
336,0,1,1,1,7,0,91.41,4149.34,0,0,1
337,1,0,0,1,23,1,39.62,7396.35,2,1,0
338,1,1,0,1,35,2,89.01,4401.68,1,0,0
339,0,1,0,0,49,0,59.04,4672.33,0,3,0
340,0,0,1,0,42,2,61.58,3225.19,2,2,0
341,1,1,0,0,26,1,66.92,7593.66,2,0,0
342,0,0,0,1,31,1,56.77,6221.94,0,2,0
343,1,0,0,1,17,0,30.06,2297.53,1,1,1
344,0,0,1,0,27,2,50.96,6756.79,2,2,1
345,1,0,1,0,28,2,86.37,3470.52,0,0,0
346,1,1,0,1,15,2,86.58,6632.76,1,1,0
347,1,0,1,0,46,2,48.62,6586.65,2,1,0
348,0,1,0,1,58,0,66.01,1527.18,0,1,0
349,0,1,0,1,30,1,39.34,5615.11,2,3,0
350,1,1,1,1,3,0,41.04,2339.33,2,0,0
351,0,1,0,0,36,2,22.3,2393.99,0,0,0
352,1,0,1,0,16,2,109.67,2384.86,2,1,1
353,1,0,1,1,38,1,41.07,5810.03,0,2,0
354,0,1,0,0,47,2,42.75,1854.01,1,1,0
355,0,1,1,1,45,0,47.96,27.23,0,3,1
356,1,0,1,1,47,0,32.74,5727.59,1,1,1
357,0,1,0,1,38,1,83.93,1386.05,2,0,0
358,0,0,0,1,3,0,27.51,853.77,0,1,1
359,1,1,1,0,29,0,33.42,1915.38,0,2,1
360,1,0,1,1,29,0,84.48,3051.61,0,0,1
361,0,1,0,1,21,0,53.97,3817.73,0,2,0
362,1,1,1,0,65,2,90.79,375.67,1,1,0
363,1,0,1,1,11,0,75.74,7765.18,1,0,1
364,0,1,1,1,35,1,45.6,5734.18,2,3,0
365,1,1,1,0,17,1,85.08,2599.09,2,0,0
366,1,0,1,0,52,0,31.63,2563.2,2,2,0
367,0,1,1,0,70,1,73.64,3599.37,2,0,1
368,0,0,1,1,0,0,63.71,5017.43,0,3,1
369,1,0,0,0,57,1,46.79,1188.06,1,3,1
370,1,1,0,0,5,1,80.4,1527.66,1,3,1
371,0,1,0,1,69,0,107.13,6878.29,1,3,0
372,0,1,0,1,43,0,119.89,2064.91,1,2,0
373,0,1,0,1,71,2,80.78,3053.96,2,0,0
374,0,1,1,1,23,0,60.47,6972.75,0,1,1
375,1,1,1,1,18,0,42.52,5311.92,1,3,1
376,0,1,1,0,17,2,45.71,2746.86,0,1,0
377,0,0,1,0,29,0,67.95,5475.92,0,1,1
378,1,1,0,0,41,0,56.73,177.07,0,0,1
379,0,0,1,1,32,2,111.38,5890.43,0,1,0
380,1,1,1,1,11,0,56.83,3906.39,1,1,1
381,0,1,0,1,26,0,57.34,6509.19,1,2,1
382,0,0,1,0,38,2,58.35,7638.01,1,1,0
383,0,1,1,0,8,2,103.66,7407.79,2,0,1
384,1,1,0,1,20,1,85.08,7275.94,1,1,0
385,1,0,1,0,28,0,81.42,4107.12,2,0,0
386,0,1,1,1,32,1,53.41,2893.93,2,3,1
387,1,1,1,0,61,1,101.79,3730.98,2,1,0
388,1,1,1,0,14,2,23.84,5525.37,1,1,1
389,1,0,1,0,1,0,107.08,7074.3,1,1,1
390,1,1,0,1,51,0,71.27,1671.75,1,3,1
391,1,1,0,0,43,2,59.83,7347.18,2,2,1
392,1,1,0,0,53,1,69.72,6525.14,2,1,1
393,0,1,0,1,17,2,86.74,7831.27,0,0,1
394,0,0,0,0,2,0,21.28,7044.41,2,2,1
395,1,0,0,1,6,2,107.16,2253.9,2,2,1
396,0,1,1,1,42,0,64.67,865.53,1,2,1
397,0,1,0,1,37,1,54.3,915.68,0,1,0
398,0,0,0,1,36,0,33.82,2343.96,0,3,0
399,0,0,1,1,57,1,63.95,4921.19,0,3,1
400,1,1,1,0,32,1,69.63,6438.48,1,1,1
401,0,0,0,1,58,0,60.36,7196.02,0,0,1
402,0,1,1,1,10,0,87.87,4997.55,0,0,0
403,1,0,0,1,67,1,62.09,64.94,1,0,0
404,1,0,1,1,67,2,116.14,1506.81,0,1,1
405,0,0,0,0,21,0,79.93,815.82,2,3,1
406,0,0,1,1,65,1,100.75,2919.33,2,1,1
407,0,1,1,0,43,1,30.94,4020.78,2,3,0
408,0,0,0,1,5,2,59.73,366.31,2,2,1
409,0,0,0,0,41,0,53.68,2800.85,2,1,0
410,0,1,0,1,24,1,76.95,1449.85,2,3,0
411,1,0,0,1,56,2,106.11,5183.62,2,2,1
412,0,0,0,0,54,1,27.83,3724.89,2,2,0
413,0,1,1,1,15,0,27.26,3972.63,2,1,1
414,1,0,0,0,13,2,105.03,3432.98,1,3,0
415,1,1,0,1,38,1,41.29,7649.04,1,2,0
416,1,1,1,0,27,2,86.88,1733.59,2,1,1
417,1,1,1,1,50,0,74.29,4142.98,1,2,1
418,0,1,0,1,48,2,103.29,5893.42,1,0,0
419,0,0,1,0,8,0,32.51,4463.62,2,1,0
420,0,1,1,1,57,1,32.98,7433.59,2,2,0
421,0,0,0,1,44,0,75.68,3036.19,1,1,1
422,0,0,1,1,21,1,114.64,3720.13,2,1,1
423,0,0,1,1,31,1,61.5,726.41,2,3,1
424,1,0,0,1,68,0,52.69,4879.81,2,3,1
425,0,0,0,1,68,1,80.67,2319.93,2,2,0
426,1,0,1,0,41,2,113.04,1299.27,1,1,0
427,1,0,1,0,52,1,103.69,4365.36,0,1,0
428,0,0,0,0,58,0,119.55,4267.84,1,0,0
429,1,0,1,1,38,2,22.26,625.46,0,1,0
430,0,0,1,0,14,2,31.29,5591.76,0,3,1
431,1,1,1,1,70,1,80.95,4997.7,0,1,1
432,0,1,0,1,28,1,102.06,1528.36,1,3,0
433,1,1,1,1,2,0,48.52,3766.09,1,0,0
434,0,0,1,1,9,2,43.92,5768.18,1,2,0
435,0,1,0,0,28,0,98.7,4244.9,1,3,0
436,0,1,1,1,34,1,25.64,3176.0,1,2,0
437,0,1,1,0,5,2,56.94,2592.26,0,2,0
438,0,0,0,1,11,0,70.58,4890.94,1,2,0
439,1,0,0,0,37,0,76.03,7514.09,0,2,0
440,1,0,0,0,18,0,92.86,5380.52,1,3,1
441,1,0,0,0,66,0,55.48,616.47,1,0,0
442,0,1,1,0,7,0,81.27,3696.27,2,1,0
443,1,1,1,0,7,2,78.54,7128.78,0,3,1
444,0,1,0,0,46,0,74.76,773.81,1,0,1
445,0,1,0,1,3,2,84.05,7911.23,1,1,0
446,1,0,1,0,50,0,45.94,7593.57,1,2,1
447,1,0,0,1,66,1,28.46,644.63,2,1,1
448,0,0,1,0,44,1,31.93,7468.64,0,1,0
449,1,1,0,1,7,0,42.46,2917.8,1,0,1
450,0,0,1,0,15,1,70.02,6760.78,1,1,0
451,0,0,0,0,66,2,104.04,3358.7,1,2,0
452,0,1,0,1,8,0,90.13,3538.02,2,3,0
453,0,1,1,0,59,2,98.9,5081.26,1,3,1
454,0,0,0,0,70,0,55.1,6200.33,0,0,1
455,1,0,1,0,14,1,60.47,289.64,0,2,0
456,1,0,1,1,70,2,59.37,4753.38,0,2,0
457,0,0,1,0,40,1,39.19,1510.13,0,1,1
458,0,0,1,1,21,1,26.12,2780.68,1,0,0
459,1,0,1,0,23,0,79.09,2796.79,2,2,1
460,1,1,0,0,43,2,118.92,3763.1,2,2,1
461,0,1,0,1,0,1,36.68,2686.41,2,2,1
462,1,1,1,0,9,0,24.67,876.74,1,3,1
463,0,0,0,0,71,0,97.95,1182.12,2,3,1
464,1,1,1,1,55,0,45.26,286.84,0,3,1
465,0,0,0,0,49,1,102.96,3772.59,1,1,0
466,1,0,0,1,11,0,90.39,7636.49,2,1,0
467,0,1,0,1,59,2,114.57,943.09,0,1,1
468,1,0,0,1,25,2,60.89,7571.19,0,2,1
469,1,0,1,0,40,1,86.2,5872.22,1,3,0
470,0,1,1,1,35,2,66.49,5107.24,1,2,0
471,1,1,0,1,22,0,83.06,5169.32,2,2,0
472,0,1,0,0,42,1,64.96,6617.29,2,0,0
473,1,0,1,1,5,0,38.86,873.22,2,2,0
474,0,1,0,0,68,1,70.79,4047.94,1,1,0
475,1,1,1,0,42,1,72.86,5582.79,2,3,0
476,0,0,1,0,24,0,101.06,4702.83,2,3,0
477,1,1,1,0,17,2,93.55,6665.58,0,2,1
478,0,1,0,1,61,2,86.38,596.73,0,1,0
479,1,1,1,1,12,1,31.34,5531.79,0,1,1
480,0,0,0,1,42,0,92.06,4281.54,2,1,0
481,0,0,1,1,27,0,70.03,3045.7,1,3,0
482,0,0,0,1,17,1,109.41,2735.39,0,1,0
483,1,0,0,0,58,2,111.99,4974.24,1,1,0
484,0,1,0,1,59,0,25.52,7130.14,2,2,0
485,1,0,1,1,62,2,102.06,3979.48,2,0,1
486,0,0,1,1,56,2,23.77,6601.29,0,1,0
487,1,1,0,0,50,1,56.72,3229.21,1,2,1
488,0,1,0,0,55,1,74.23,837.11,0,2,1
489,1,1,0,1,26,2,34.81,510.82,2,1,0
490,1,0,1,0,31,0,94.63,429.65,1,0,1
491,0,0,1,1,8,0,20.84,3053.6,0,3,0
492,1,0,1,1,67,1,36.86,2711.16,2,0,0
493,1,1,1,0,45,2,78.08,5749.14,0,1,0
494,0,1,0,0,66,0,91.44,5947.72,1,0,1
495,1,0,0,1,25,0,111.66,425.81,1,2,0
496,1,1,1,1,7,1,90.55,1784.56,1,2,1
497,1,1,1,0,5,2,87.18,2208.61,1,0,0
498,0,1,0,1,23,0,59.43,4389.94,1,3,0
499,1,0,1,0,47,1,20.13,1173.23,0,0,1
500,0,1,1,1,44,0,32.02,1088.85,0,1,1
501,1,1,1,0,12,0,73.46,7551.44,0,3,1
502,1,0,1,1,68,0,87.51,6437.54,0,0,1
503,1,0,1,1,24,1,61.74,1461.63,2,0,1
504,0,1,1,0,19,2,93.07,3264.41,2,3,1
505,1,1,0,1,65,1,72.19,2857.86,0,0,0
506,1,0,1,1,44,2,27.42,6332.21,2,1,1
507,0,0,1,0,46,0,39.2,4091.5,2,2,0
508,1,1,0,1,62,2,104.0,1040.24,1,1,0
509,0,1,0,1,54,0,92.49,5917.16,0,0,0
510,0,1,0,1,18,0,109.48,3187.17,2,2,0
511,1,1,1,0,34,1,31.76,2118.14,2,3,0
512,0,0,0,0,52,0,119.02,3016.48,0,1,1
513,1,1,1,0,25,1,40.94,3992.1,1,3,0
514,0,1,1,1,13,2,21.18,2758.06,0,2,0
515,0,0,1,1,44,2,119.74,1950.41,1,0,0
516,1,1,0,1,43,0,48.11,3200.05,2,2,1
517,0,0,0,1,64,1,86.8,173.0,1,2,1
518,0,1,0,0,50,0,37.67,6184.53,1,3,1
519,0,1,0,1,42,1,78.02,1384.14,0,1,1
520,0,0,0,1,22,1,110.4,370.36,2,2,0
521,0,0,1,1,55,1,52.02,5236.52,0,0,1
522,1,1,1,0,18,2,87.03,6196.01,0,2,0
523,0,1,1,1,54,1,38.79,6514.36,2,3,1
524,1,1,1,1,59,2,82.48,3958.2,0,1,1
525,0,0,0,1,58,1,53.65,1658.84,0,0,1
526,1,1,0,1,32,2,41.12,5903.08,1,3,1
527,1,0,1,1,18,2,51.32,5603.71,0,2,0
528,0,0,0,0,27,2,37.88,1985.24,2,2,1
529,0,1,0,1,51,0,110.19,7229.19,0,1,0
530,0,0,1,1,48,1,59.72,852.88,1,3,0
531,1,1,1,1,36,0,44.53,7861.85,0,3,0
532,0,1,0,1,25,1,64.84,6884.78,0,1,0
533,1,1,0,1,39,1,52.05,5509.43,0,0,0
534,1,1,1,1,37,0,94.44,7511.22,1,3,0
535,1,1,1,1,53,2,117.12,5784.04,2,1,0
536,0,0,1,1,21,1,63.8,1539.85,2,3,1
537,0,0,0,1,15,2,106.1,3548.41,1,1,0
538,1,1,1,1,27,0,76.59,590.59,1,2,1
539,1,1,1,0,34,2,35.72,3129.47,0,2,1
540,0,0,0,0,59,1,89.06,5937.99,2,3,0
541,1,0,0,0,44,1,71.34,3103.82,1,3,0
542,0,0,0,0,45,1,85.06,2655.75,2,2,1
543,1,0,0,1,71,0,108.97,4770.94,0,0,1
544,0,1,0,0,54,1,64.04,6980.19,1,1,0
545,1,1,1,0,25,0,110.12,399.71,2,0,0
546,0,0,1,1,24,2,95.07,3096.05,2,0,1
547,1,1,0,0,64,1,68.86,1282.76,0,0,1
548,0,0,0,0,5,1,80.32,5568.93,1,2,0
549,0,1,0,1,22,1,52.56,863.68,2,3,1
550,1,0,0,1,63,2,118.36,5325.17,0,0,1
551,1,1,0,1,42,1,86.74,2303.72,2,2,0
552,0,0,1,0,22,0,24.38,1607.36,0,1,1
553,1,0,1,0,29,2,52.66,7492.09,2,3,0
554,0,1,1,1,17,2,82.33,167.83,2,1,0
555,1,0,1,1,20,2,25.63,3513.46,0,0,0
556,0,1,0,0,56,2,22.39,192.58,1,3,1
557,0,1,1,1,22,2,65.0,3879.07,0,0,0
558,0,0,0,0,44,0,53.27,4018.36,1,3,1
559,0,1,0,1,43,2,63.83,2586.87,2,0,0
560,0,1,0,1,46,1,46.27,1074.65,2,1,0
561,0,1,1,0,39,2,36.47,3023.57,0,1,1
562,1,1,0,1,50,2,88.91,5384.66,0,0,1
563,1,1,1,1,41,2,71.46,6263.52,1,3,1
564,1,0,1,1,6,2,40.02,4255.39,1,1,0
565,0,1,0,0,49,2,51.96,4726.88,1,3,1
566,0,1,0,1,47,0,79.18,1620.92,0,3,0
567,0,1,0,1,5,0,27.22,2312.9,2,1,1
568,0,1,1,1,8,2,34.75,1311.93,0,2,0
569,1,1,0,1,56,0,27.32,2009.38,2,2,0
570,1,0,1,1,30,1,101.23,1814.6,0,3,0
571,0,1,0,1,20,2,95.24,4165.2,0,1,0
572,1,0,0,0,39,1,95.33,4510.26,1,2,1
573,1,0,1,0,44,1,91.63,7560.68,2,0,1
574,0,0,1,1,48,2,86.94,1580.65,0,3,0
575,1,0,1,0,19,1,67.7,5140.57,0,2,0
576,0,1,1,0,16,1,84.23,6541.73,2,1,1
577,1,0,1,1,27,1,23.84,4490.73,0,1,1
578,0,0,1,0,40,2,82.15,2054.93,2,3,1
579,0,1,0,0,65,2,97.79,2115.15,1,1,1
580,0,1,0,0,24,1,70.04,333.24,1,0,1
581,0,1,1,0,57,2,55.75,2457.44,2,0,1
582,1,0,0,0,40,2,47.74,5961.94,1,2,0
583,0,1,1,0,5,1,84.28,399.19,2,1,1
584,0,1,0,0,37,2,89.28,1769.98,0,0,1
585,0,0,0,0,5,0,107.1,5655.74,0,3,0
586,1,1,1,1,44,2,54.23,6265.56,2,1,1
587,0,1,1,1,13,0,96.98,3653.44,0,2,1
588,1,1,1,0,65,1,76.14,5590.63,1,3,1
589,0,1,0,0,39,2,108.28,3115.86,0,3,0
590,1,0,1,1,2,1,72.78,1296.11,0,3,1
591,1,1,0,0,23,1,71.76,3197.23,2,0,0
592,0,1,1,0,18,1,77.79,4648.14,1,3,1
593,1,0,0,1,17,1,94.93,7585.47,0,0,0
594,0,1,0,1,63,1,116.47,568.63,0,3,1
595,0,0,1,1,34,2,27.36,4069.0,2,0,1
596,0,1,0,0,61,0,25.34,2644.78,2,1,1
597,1,0,0,0,0,2,113.76,4076.33,1,0,0
598,1,0,1,1,24,2,72.99,211.32,0,0,1
599,0,0,0,1,44,2,81.49,2517.94,2,1,1
600,0,0,1,0,48,2,68.24,6562.55,2,3,0
601,1,1,1,1,15,0,29.37,4440.46,2,1,0
602,0,0,1,0,18,2,96.81,3615.65,1,3,0
603,0,1,1,0,22,1,94.72,2298.49,2,0,1
604,0,0,0,1,24,2,51.17,2398.38,1,3,0
605,1,0,0,1,15,2,50.62,3077.15,1,0,1
606,1,0,0,0,53,0,103.78,6687.85,0,3,0
607,1,1,1,1,0,0,27.24,7738.36,0,0,0
608,0,0,0,1,41,1,108.11,3520.47,1,0,1
609,0,1,0,1,18,2,45.67,3158.96,0,2,1
610,0,1,1,1,33,2,79.3,6775.48,0,3,1
611,1,1,1,0,54,2,113.6,3426.7,2,3,1
612,0,1,0,0,17,1,87.81,4425.11,0,2,0
613,0,1,1,0,33,0,61.44,1862.91,1,0,0
614,0,1,1,0,44,1,88.95,5953.15,0,0,0
615,0,1,1,1,5,2,54.4,4265.27,2,2,1
616,1,1,1,1,20,0,47.73,6476.1,1,2,1
617,1,1,0,0,69,0,119.67,6250.25,0,1,0
618,0,0,1,0,47,1,95.08,1735.74,1,0,0
619,1,0,1,1,38,0,84.47,5730.77,0,1,1
620,1,0,1,0,30,0,55.53,6404.43,2,3,0
621,0,0,1,0,9,2,24.92,2781.94,0,1,0
622,0,0,1,1,29,2,23.11,1397.42,1,2,0
623,1,1,1,0,17,0,75.42,41.0,1,2,1
624,0,1,1,1,59,0,96.2,3618.21,1,2,0
625,1,1,1,1,14,1,73.74,2832.41,0,2,1
626,0,1,0,0,3,1,104.08,4448.18,0,1,0
627,1,1,1,1,62,0,23.34,1520.57,0,1,1
628,0,1,0,0,39,2,56.68,6880.13,2,1,0
629,1,1,1,1,8,0,43.71,2076.89,2,2,0
630,1,0,1,0,8,0,64.73,1826.91,2,2,0
631,1,0,1,0,25,2,27.24,3856.1,1,0,1
632,0,0,1,0,3,2,115.41,4000.83,1,0,0
633,1,0,0,1,15,1,42.33,1736.38,1,2,0
634,1,1,1,1,14,1,112.23,2189.45,1,0,1
635,0,1,1,0,51,1,62.59,1374.25,1,3,1
636,0,1,0,1,68,1,118.55,5753.31,0,3,0
637,1,0,0,0,4,2,75.41,6165.31,1,2,0
638,1,1,1,0,19,0,113.08,3709.38,0,1,0
639,0,1,0,1,17,1,20.53,5718.41,2,3,0
640,0,1,0,0,1,1,94.82,5892.76,2,3,0
641,0,0,0,1,12,2,110.31,1123.44,2,1,1
642,0,1,1,0,3,2,33.97,7730.1,2,0,0
643,0,0,1,1,41,0,29.61,6571.83,2,1,1
644,1,0,1,0,60,0,62.46,1651.78,1,0,1
645,0,0,0,0,7,2,113.37,1505.6,1,0,0
646,1,0,1,1,66,1,74.24,1022.78,1,1,1
647,1,1,0,0,62,1,72.75,1124.26,2,0,0
648,1,0,1,0,8,1,34.11,5990.33,2,3,1
649,0,0,1,1,10,0,20.08,3767.84,0,2,1
650,1,1,0,0,41,1,101.01,6267.81,1,0,0
651,1,1,1,1,12,1,28.76,5975.11,2,3,0
652,0,0,0,0,35,2,83.38,4844.81,2,1,1
653,1,1,0,1,12,1,111.46,5497.21,2,0,0
654,1,0,1,0,11,2,40.87,166.48,0,3,0
655,0,0,0,0,36,1,86.53,2507.99,2,0,1
656,1,0,1,0,51,0,27.87,5109.82,0,1,1
657,1,0,1,1,70,1,80.38,94.57,0,2,1
658,1,1,0,1,1,1,36.39,283.16,1,0,0
659,0,0,1,1,55,2,93.6,6818.07,2,2,0
660,0,1,0,1,59,2,50.12,5478.52,0,0,0
661,0,1,1,0,22,2,66.34,2137.65,2,0,1
662,1,1,1,0,39,1,79.94,5509.94,1,1,0
663,1,1,1,1,63,1,37.13,6343.8,1,0,1
664,0,0,1,1,22,0,94.16,2468.22,0,3,1
665,1,1,1,1,28,1,50.26,307.58,1,3,1
666,1,0,0,0,50,0,86.24,7463.58,1,2,1
667,0,1,0,1,68,2,35.83,2774.54,1,2,1
668,0,1,0,1,30,2,88.81,869.72,2,3,1
669,1,0,0,0,49,2,32.82,3945.02,2,2,1
670,1,0,0,0,19,0,62.54,6152.37,0,2,0
671,1,0,0,1,54,1,44.72,1788.75,0,3,1
672,0,1,1,0,1,2,94.84,2170.53,1,3,0
673,0,1,1,1,24,1,46.2,1956.87,1,3,0
674,0,0,0,0,12,1,108.17,7933.55,0,1,0
675,0,0,0,1,69,2,109.18,1595.28,1,1,0
676,1,0,1,1,66,0,39.64,4612.65,0,3,0
677,0,0,1,1,57,1,81.38,7403.61,2,0,1
678,0,1,1,1,63,2,28.77,1192.23,1,3,0
679,0,0,0,0,68,1,59.15,7767.42,1,1,0
680,0,0,0,0,58,1,91.33,7580.87,1,2,0
681,0,0,0,0,59,1,85.94,7078.88,2,0,1
682,1,0,1,0,61,1,82.47,1732.16,2,0,0
683,1,1,1,1,15,1,48.25,5079.76,1,2,0
684,0,0,0,1,67,0,57.8,6091.91,0,0,0
685,1,1,0,0,14,0,30.29,7888.5,2,2,0
686,0,0,1,0,54,2,91.9,1459.78,1,1,1
687,0,0,1,0,34,0,70.39,6132.89,1,0,0
688,1,1,1,0,54,0,90.88,2723.63,2,0,1
689,1,0,1,0,13,0,44.89,1421.5,0,2,1
690,0,1,0,1,48,1,52.44,3382.59,1,2,0
691,0,1,1,1,6,1,53.42,6354.81,0,1,0
692,0,0,1,1,29,2,22.57,3729.5,0,2,1
693,1,1,1,0,48,2,54.1,4309.43,2,2,0
694,0,1,0,0,15,2,100.33,7961.37,1,1,0
695,0,1,0,0,50,1,109.73,3204.89,1,3,0
696,0,1,1,0,71,0,71.82,4930.9,0,3,1
697,1,1,1,1,41,0,65.55,2934.65,2,2,1
698,0,1,1,1,16,1,23.08,3154.43,2,1,0
699,0,1,0,0,62,2,107.92,5571.21,2,3,0
700,1,1,0,1,44,2,21.3,7504.34,0,1,1
701,0,0,0,1,6,2,114.48,4348.02,0,2,1
702,0,0,1,0,26,1,68.92,6151.83,1,2,1
703,1,1,0,0,9,2,54.19,731.87,2,1,1
704,0,0,1,0,33,2,112.42,1705.04,0,0,1
705,1,1,1,0,35,1,22.44,4027.01,2,2,1
706,1,1,1,0,24,0,78.14,179.69,0,2,1
707,0,0,0,0,5,1,74.89,2037.78,1,2,0
708,0,1,1,1,23,1,41.93,4148.86,2,2,1
709,0,1,0,1,17,1,62.89,139.39,0,1,1
710,0,1,0,0,5,1,85.23,2131.08,2,1,0
711,1,1,1,1,28,0,92.71,4121.97,0,1,0
712,0,0,1,0,24,2,20.07,4593.73,0,1,0
713,1,1,0,0,54,1,113.69,7407.5,0,0,1
714,0,1,1,0,45,0,36.45,5169.86,2,1,1
715,0,1,0,0,23,2,43.36,3329.59,0,1,0
716,0,0,1,1,25,2,46.35,7444.2,1,2,0
717,1,1,0,0,27,2,23.78,6283.37,2,0,0
718,0,0,0,1,2,1,32.31,1616.07,1,2,1
719,0,0,0,0,37,1,118.63,1064.12,1,0,0
720,0,1,0,0,60,2,51.52,5412.98,2,3,1
721,0,1,1,0,50,2,31.53,4487.87,0,0,1
722,1,0,1,1,47,2,30.7,6321.6,1,0,1
723,0,1,0,0,20,2,91.95,5915.66,2,2,1
724,1,0,0,0,53,2,105.46,5009.19,0,0,0
725,1,0,1,0,55,2,45.7,7891.33,2,0,0
726,1,1,1,1,58,0,22.09,4278.05,2,2,0
727,1,1,1,1,71,2,42.31,922.58,2,3,1
728,1,0,1,1,50,1,25.65,6629.62,0,3,0
729,1,0,1,0,19,1,30.34,2029.79,1,3,1
730,0,0,1,1,58,1,63.15,6222.87,1,0,1
731,1,0,0,0,70,2,42.99,7657.71,2,2,1
732,1,1,1,1,8,1,71.59,5580.43,2,3,0
733,1,1,1,1,0,0,45.35,4776.32,0,3,1
734,0,1,0,0,28,2,114.05,3693.88,2,3,1
735,0,1,1,1,62,1,110.59,2927.99,2,3,0
736,1,1,1,0,71,0,76.68,2836.98,2,2,0
737,0,0,1,0,55,0,55.44,5098.25,1,3,0
738,1,1,1,1,67,1,58.11,6015.16,2,0,1
739,1,1,1,0,34,0,61.19,5434.57,1,0,1
740,0,1,0,0,2,1,92.76,1603.31,0,2,0
741,1,1,1,1,6,0,65.16,3962.02,0,1,1
742,0,1,0,1,26,2,105.67,6337.29,1,3,1
743,0,0,0,0,0,2,114.41,3816.12,1,3,0
744,1,0,1,1,70,2,53.59,4302.25,1,0,0
745,1,0,0,0,43,2,76.07,6173.67,1,2,0
746,0,1,1,0,40,2,29.51,5296.9,2,1,0
747,1,0,0,1,41,1,40.05,3286.57,1,0,0
748,1,0,0,1,32,2,61.35,7165.39,1,1,0
749,1,1,1,1,49,2,40.62,1317.29,1,2,0
750,0,1,1,1,62,2,107.66,7964.22,2,2,0
751,0,1,1,0,36,2,35.83,968.44,2,2,1
752,1,0,1,0,58,0,65.57,139.3,2,0,1
753,0,0,1,1,47,2,80.57,7122.35,0,2,1
754,0,1,0,1,4,2,89.19,1974.73,2,0,1
755,0,1,0,0,47,1,58.31,5843.0,1,0,1
756,0,0,0,0,2,0,106.91,6491.9,2,3,1
757,0,0,0,0,46,1,76.83,6874.71,2,0,1
758,1,1,0,0,61,2,63.95,7932.92,1,0,1
759,1,1,0,1,13,1,26.72,2366.44,2,3,1
760,1,0,0,0,62,1,66.47,5687.74,0,1,1
761,0,1,1,0,60,2,102.07,940.89,2,3,1
762,0,0,1,1,30,0,81.45,3266.34,0,3,0
763,1,0,0,0,16,0,103.22,6786.81,0,2,1
764,0,0,0,0,23,1,69.4,2953.91,0,2,0
765,1,0,1,1,22,2,31.85,4736.94,1,3,1
766,1,1,1,1,49,1,21.36,4040.11,2,2,0
767,1,1,1,1,69,1,50.32,5174.69,0,3,1
768,0,0,1,0,26,1,89.8,7783.7,0,2,0
769,0,0,0,0,14,2,99.03,464.77,2,0,1
770,1,0,1,1,49,2,49.58,4600.21,1,2,0
771,1,0,0,1,35,0,69.57,6906.97,1,2,1
772,1,0,0,0,7,2,62.11,3861.43,0,0,0
773,1,1,0,1,2,1,61.05,646.65,1,3,1
774,0,1,1,1,61,1,43.13,4493.1,2,2,0
775,0,1,1,1,46,0,33.64,2669.95,1,2,0
776,1,1,0,0,60,2,39.67,1256.44,2,0,0
777,1,0,0,0,31,1,25.53,6795.3,0,0,0
778,0,0,0,0,12,0,39.81,4182.36,2,0,0
779,0,0,1,0,0,0,20.92,7467.55,0,1,0
780,1,0,0,0,33,1,82.73,6452.01,2,0,0
781,1,0,1,0,61,1,51.64,5549.91,2,3,0
782,1,1,0,1,70,2,117.31,60.1,1,2,1
783,0,0,0,0,30,0,39.37,3434.03,2,2,1
784,0,1,0,0,63,1,54.58,1595.94,0,1,1
785,0,1,1,1,24,0,55.78,7288.17,2,2,0
786,1,1,1,0,37,2,20.85,1413.18,0,2,0
787,1,1,0,0,13,1,103.92,2302.76,0,3,1
788,0,0,1,1,7,2,23.2,4144.36,2,2,1
789,0,1,0,1,53,0,114.02,2121.64,1,3,0
790,1,1,1,1,1,2,109.21,1694.72,2,1,0
791,0,1,1,0,55,2,73.55,4800.81,2,3,1
792,0,0,1,1,60,0,74.36,729.66,1,0,0
793,1,0,0,0,21,2,85.38,484.18,0,0,1
794,0,0,1,0,34,0,58.71,2990.52,2,1,0
795,1,1,1,0,15,1,84.72,5770.9,1,2,1
796,1,1,0,0,49,0,24.48,4447.36,1,3,1
797,1,0,0,1,42,0,25.4,3394.55,0,0,0
798,1,1,0,1,16,1,65.72,4534.7,1,3,1
799,1,0,0,0,57,0,74.96,2936.3,0,0,0
800,1,0,1,1,1,1,108.78,7490.45,2,3,0
801,1,1,1,0,3,1,30.47,458.14,1,2,0
802,0,1,1,0,38,0,102.26,5393.66,2,1,0
803,1,1,1,0,5,2,41.0,7132.44,1,2,0
804,1,1,1,1,68,2,59.41,6435.0,1,3,1
805,0,0,0,0,68,1,51.66,1488.65,2,0,0
806,0,0,1,0,19,2,60.02,2381.49,1,0,0
807,0,0,1,1,63,2,35.05,5742.04,2,1,1
808,1,0,1,1,15,0,70.36,692.48,2,2,0
809,0,0,0,1,50,1,100.16,6498.66,0,2,1
810,1,1,0,1,36,1,64.15,5756.88,2,2,0
811,1,0,1,0,68,0,69.06,5842.26,0,0,1
812,1,0,0,1,41,2,104.88,819.93,2,1,0
813,1,0,0,0,56,1,90.61,5747.73,1,0,0
814,0,1,0,1,65,2,69.05,5444.95,2,2,0
815,0,1,0,1,8,1,45.77,6650.76,1,3,0
816,1,1,0,1,63,1,108.49,351.94,0,0,0
817,1,1,0,1,21,1,77.7,204.42,1,1,1
818,1,0,0,1,33,1,42.11,2996.6,2,2,1
819,0,0,1,1,54,2,46.91,1207.33,1,3,0
820,1,1,1,0,28,2,100.31,4475.91,0,0,1
821,1,1,0,1,37,2,24.41,7340.44,1,3,0
822,0,0,1,1,17,2,119.21,3144.01,1,3,0
823,0,0,1,1,70,0,33.04,6762.7,2,1,0
824,1,1,0,1,64,1,99.61,21.92,2,0,1
825,0,1,1,0,0,1,59.48,1364.75,1,1,0
826,0,1,0,1,3,1,69.22,262.78,0,2,1
827,1,1,0,1,3,0,108.07,2638.61,1,3,0
828,0,0,0,1,26,2,61.29,7267.35,0,1,0
829,1,0,1,1,42,1,73.75,793.68,0,1,1
830,0,0,1,0,58,2,24.93,4859.15,0,2,0
831,1,1,1,1,31,2,20.23,3622.94,1,0,1
832,1,1,1,0,32,0,44.48,7508.98,0,1,0
833,1,0,0,1,27,0,88.06,997.7,1,3,0
834,0,0,0,0,54,2,32.13,1711.98,0,3,0
835,1,0,1,0,59,1,31.38,255.74,0,3,1
836,0,0,0,1,69,1,61.1,3482.8,1,3,0
837,1,1,0,1,61,0,84.78,2237.11,2,1,1
838,1,0,1,0,33,0,91.21,6961.85,2,3,0
839,0,0,0,0,55,0,37.85,4847.43,1,1,0
840,1,0,1,1,12,0,27.96,4920.44,1,0,1
841,1,0,0,0,55,0,114.04,4264.65,2,3,0
842,0,0,1,0,17,0,46.07,752.97,2,0,0
843,1,0,0,0,53,0,105.33,3571.25,2,1,1
844,1,0,0,1,42,1,106.35,7996.05,1,2,1
845,1,1,1,0,38,0,97.25,6685.13,0,0,1
846,1,1,1,0,60,0,36.88,7149.8,1,3,0
847,0,1,1,0,41,1,102.18,6589.35,2,2,1
848,0,1,1,1,17,1,96.93,842.27,0,0,1
849,1,0,0,1,22,2,79.67,1835.04,1,1,0
850,0,1,0,0,53,0,53.72,44.91,2,1,1
851,1,1,1,1,29,0,46.25,2442.01,1,1,1
852,0,0,0,0,57,0,32.19,886.69,0,0,0
853,1,0,1,1,67,0,70.98,3792.89,2,1,1
854,1,1,1,1,66,2,78.53,5423.48,1,0,0
855,1,1,0,0,70,1,55.93,6998.55,0,3,1
856,1,0,0,1,17,1,67.54,5998.75,0,3,1
857,1,1,1,1,6,0,56.35,7509.91,1,0,0
858,1,0,1,1,39,0,84.1,450.11,0,0,1
859,0,0,1,0,69,0,110.13,117.2,2,2,0
860,1,0,0,1,64,2,36.39,5297.48,0,1,1
861,0,0,0,1,67,2,58.14,2329.03,1,3,1
862,1,1,0,0,48,1,34.09,2042.94,2,3,0
863,0,0,0,1,51,0,82.49,2660.48,0,2,0
864,0,0,1,1,28,0,92.89,2172.97,0,0,1
865,0,1,1,1,20,0,113.19,4101.26,2,0,1
866,1,0,1,1,8,0,47.89,3532.38,2,2,1
867,1,1,1,1,46,2,115.02,4109.18,0,1,0
868,0,1,1,0,41,1,26.33,5388.25,2,0,0
869,1,1,1,0,50,1,80.3,3109.3,1,0,1
870,0,0,0,1,55,2,25.71,2025.44,0,1,1
871,1,1,0,1,50,0,109.38,1346.28,1,1,1
872,0,1,1,1,69,1,72.98,2808.8,0,2,0
873,0,0,1,0,19,1,86.93,5939.62,1,2,1
874,1,1,0,0,26,2,103.16,6058.51,1,2,0
875,0,1,0,1,37,0,35.03,5341.9,2,0,0
876,1,1,0,1,71,1,23.86,1887.54,0,2,1
877,0,1,0,0,64,0,107.89,4712.93,2,0,0
878,0,1,1,1,53,1,51.49,4574.1,2,3,0
879,1,0,1,0,23,2,32.9,3884.44,0,1,1
880,1,1,1,0,46,0,66.85,4408.83,1,1,1
881,1,1,1,1,70,2,79.83,3944.49,0,3,1
882,0,0,1,0,62,1,23.1,4532.34,0,2,1
883,1,0,0,1,56,2,47.49,5729.74,0,0,1
884,0,0,1,1,54,2,23.28,894.83,2,0,1
885,0,1,0,1,59,2,62.03,6002.01,0,0,1
886,1,0,1,1,61,1,109.51,1104.37,0,1,0
887,1,1,1,1,29,0,118.27,551.69,0,2,1
888,0,1,1,1,21,2,83.7,7809.12,1,0,1
889,0,0,1,0,28,0,36.16,7656.79,1,0,1
890,1,0,1,0,40,1,110.58,502.28,1,0,1
891,1,1,0,0,41,0,71.62,3557.16,1,3,1
892,1,0,0,0,64,2,35.37,1506.23,2,0,1
893,1,1,0,1,30,2,112.17,3893.05,2,3,0
894,1,0,1,0,29,2,95.75,6644.81,0,0,1
895,0,0,1,0,17,2,93.17,7605.88,2,0,0
896,0,0,0,0,16,2,90.92,5081.34,1,0,1
897,0,1,1,1,37,2,40.03,2844.17,0,3,0
898,0,0,1,0,13,1,41.1,4834.54,0,0,0
899,1,1,0,1,55,1,88.83,2509.77,1,2,0
900,1,1,1,0,21,1,41.97,7280.39,1,0,1
901,1,1,0,1,66,0,63.87,6965.8,1,3,1
902,0,1,1,1,55,0,98.2,4474.69,2,3,1
903,0,0,0,0,18,1,98.4,2611.9,0,2,1
904,1,1,1,1,56,0,65.33,2361.25,1,1,1
905,1,1,1,1,43,0,99.22,286.68,0,2,1
906,0,0,0,0,34,2,103.86,6530.25,0,2,0
907,0,1,1,0,0,2,85.48,3614.06,2,3,0
908,1,0,1,0,51,0,42.84,2614.56,0,0,0
909,1,1,0,1,69,0,47.4,3779.46,1,0,1
910,0,0,1,1,36,1,51.48,6553.53,1,1,1
911,1,1,0,1,64,0,31.68,1014.42,0,1,0
912,1,0,1,0,50,2,47.32,6864.09,0,1,1
913,1,1,1,1,0,0,40.95,7182.12,2,1,1
914,0,1,1,1,20,1,65.53,7574.73,1,2,1
915,0,0,1,1,52,2,110.84,3191.95,1,2,0
916,0,0,0,1,15,2,30.45,1752.78,0,0,0
917,0,0,1,1,60,2,92.03,3001.65,0,2,1
918,0,0,0,1,53,2,88.73,2676.64,0,0,0
919,0,1,1,1,39,0,29.58,1425.71,1,0,0
920,0,1,1,0,25,1,112.26,4865.99,0,0,1
921,1,0,1,0,64,0,76.85,3823.46,2,0,1
922,1,1,1,0,63,0,56.37,6928.29,2,3,0
923,1,0,0,1,42,2,95.65,276.23,0,0,0
924,1,0,0,1,16,1,45.74,5158.07,2,2,1
925,1,1,0,0,58,2,89.35,6108.33,2,2,1
926,1,1,0,1,22,0,23.97,6080.7,2,2,1
927,1,1,1,0,6,0,103.94,7090.87,2,2,0
928,0,1,0,1,43,2,64.82,5837.69,2,3,0
929,0,1,0,1,52,0,83.67,7423.92,1,1,1
930,1,1,1,0,70,0,42.12,2674.6,0,1,1
931,1,1,1,0,33,2,87.71,4035.61,2,0,1
932,0,0,1,0,45,0,97.22,132.36,0,0,1
933,1,0,1,0,67,1,67.32,75.52,2,2,0
934,1,0,0,0,15,2,81.77,1936.21,1,2,1
935,0,0,0,1,70,1,65.63,824.44,1,1,1
936,1,0,1,1,18,0,109.41,2096.49,2,1,0
937,0,1,1,1,1,0,69.79,1432.81,2,2,1
938,1,0,1,0,9,2,104.18,247.59,2,0,0
939,0,0,0,0,49,0,100.14,7276.25,1,3,0
940,0,0,0,0,11,2,61.05,85.62,1,3,0
941,0,0,1,0,69,2,43.01,5893.94,0,1,1
942,1,0,1,0,21,2,60.61,1234.14,1,1,0
943,0,0,0,0,31,2,102.62,7299.59,2,1,1
944,1,0,1,1,0,2,42.76,7144.51,0,3,0
945,1,1,1,1,53,1,72.44,5238.13,1,3,0
946,1,1,0,1,57,2,100.61,5384.43,1,2,0
947,1,0,1,1,69,1,55.35,62.61,2,0,1
948,0,1,0,1,17,0,84.22,7879.28,0,1,1
949,0,1,1,0,5,2,44.56,7025.1,1,2,0
950,1,1,1,0,44,0,30.93,7162.95,1,3,1
951,1,1,0,0,22,2,99.44,5280.77,2,2,0
952,0,0,0,0,22,1,29.9,2771.4,0,3,0
953,1,1,1,0,25,1,47.14,7151.32,0,0,0
954,0,1,0,0,6,1,105.51,2346.31,0,3,0
955,1,1,1,1,43,0,54.65,4510.44,0,2,1
956,1,0,1,0,26,2,117.3,815.85,2,0,0
957,0,0,0,0,25,0,117.97,7377.21,1,3,1
958,1,0,1,0,35,1,46.83,1143.35,1,1,0
959,0,0,1,0,54,0,24.1,1814.68,0,3,0
960,1,0,0,1,63,1,90.51,4473.91,0,0,0
961,1,0,0,1,56,1,65.1,6117.46,0,2,0
962,1,0,1,0,68,1,30.08,4962.42,1,0,0
963,0,1,0,1,60,2,90.75,1872.43,1,2,1
964,1,1,0,1,1,2,23.12,27.53,0,3,1
965,1,1,0,0,54,1,107.02,6062.06,2,3,0
966,1,0,0,0,37,0,33.87,7881.95,1,0,1
967,1,0,1,0,28,0,32.73,6483.11,1,1,1
968,0,0,1,0,25,2,37.57,3692.45,0,3,0
969,0,0,1,0,34,1,116.03,7232.06,2,1,0
970,1,0,0,1,66,0,89.32,3290.58,0,1,0
971,0,1,0,0,28,1,100.14,4208.97,0,0,0
972,1,1,0,0,33,0,59.76,3827.5,2,3,1
973,1,0,0,0,40,2,53.63,3592.04,2,1,1
974,1,0,0,1,40,1,43.45,6206.02,2,3,1
975,0,0,0,0,22,1,68.06,4223.62,1,2,1
976,0,0,0,0,70,0,75.18,2547.4,0,1,0
977,0,1,1,0,2,0,83.18,2080.1,1,0,0
978,0,0,1,1,57,0,45.71,321.22,2,0,0
979,0,0,0,0,31,1,114.87,4673.9,1,1,0
980,0,0,0,0,30,2,36.98,1855.09,2,3,1
981,0,0,0,0,42,2,116.57,1202.11,2,2,1
982,0,1,1,1,6,0,21.49,5237.56,0,2,0
983,0,0,1,0,0,2,68.11,5456.05,0,0,1
984,1,0,0,0,60,0,53.34,6022.2,0,0,1
985,0,1,0,0,13,2,64.91,4038.54,1,3,0
986,0,1,1,1,51,1,77.07,7154.56,0,0,1
987,0,1,1,0,5,0,63.56,7492.02,2,3,0
988,0,0,1,0,9,2,61.48,6462.82,0,1,1
989,0,0,1,0,70,1,93.27,5092.04,1,2,1
990,0,1,0,1,29,2,88.59,2443.69,0,1,0
991,0,1,1,1,20,1,103.33,7863.9,0,0,0
992,0,1,1,0,59,1,45.0,2207.61,0,2,0
993,0,1,0,1,62,2,80.95,1637.2,1,2,1
994,0,1,1,1,41,2,78.52,3548.39,2,1,0
995,0,1,1,1,50,1,56.97,473.59,2,3,1
996,1,0,1,0,63,1,68.61,7828.39,2,2,0
997,1,0,0,0,55,1,51.38,4715.7,0,3,1
998,0,0,1,1,40,0,34.18,4464.48,0,1,0
999,0,1,0,1,31,1,41.38,5253.25,1,1,0
1000,1,1,0,1,14,0,30.55,3986.25,2,3,1
1001,0,1,1,0,61,1,88.31,275.87,0,1,1
1002,1,1,1,0,26,0,86.07,4906.24,0,2,0
1003,1,1,1,1,27,1,115.06,5735.07,0,1,1
1004,1,1,1,1,63,1,92.97,3345.66,1,1,0
1005,1,0,0,1,58,1,25.2,6063.22,2,2,1
1006,1,0,1,1,57,2,108.42,1831.47,1,3,1
1007,0,1,1,0,1,2,106.27,1785.79,2,1,0
1008,1,0,1,1,35,1,64.33,1308.11,2,3,0
1009,0,1,0,0,70,0,78.59,2988.52,0,2,1
1010,0,0,1,1,12,0,117.61,6779.16,0,3,1
1011,1,1,1,1,14,1,73.23,6626.74,0,3,1
1012,1,1,0,1,59,2,110.53,3074.94,0,0,1
1013,0,0,0,1,21,0,28.3,4721.17,0,0,0
1014,1,0,1,1,62,2,39.11,5772.11,2,1,0
1015,1,1,1,0,24,0,64.08,1944.83,0,0,1
1016,0,1,1,1,47,1,78.48,1361.77,0,0,0
1017,0,0,1,1,42,2,101.62,7777.33,1,0,1
1018,1,0,1,1,37,0,118.83,4948.11,1,3,1
1019,0,1,0,0,40,1,58.89,7851.7,2,3,1
1020,1,0,0,0,44,1,24.74,2715.29,2,0,0
1021,1,1,1,0,39,1,100.12,5630.19,1,2,1
1022,1,1,1,0,16,2,80.44,1796.38,1,0,0
1023,0,1,0,1,56,2,39.85,2104.38,0,2,0
1024,0,1,1,1,1,1,69.48,4104.98,0,3,1
1025,0,0,1,1,61,2,94.23,2570.55,2,2,0
1026,0,0,1,0,8,0,97.04,1357.62,1,3,1
1027,0,0,1,1,67,1,69.96,2117.79,2,2,1
1028,1,0,1,1,16,1,50.52,305.27,0,3,0
1029,1,0,0,0,49,2,117.37,5641.3,2,3,1
1030,1,0,1,0,39,1,86.34,3947.09,2,0,0
1031,1,0,1,0,57,0,60.82,772.06,2,1,0
1032,0,1,1,1,20,2,48.05,1390.12,0,1,0
1033,1,0,0,1,17,2,93.11,838.23,2,3,1
1034,0,0,0,0,54,1,44.22,4908.49,0,0,0
1035,1,1,0,1,28,1,37.17,771.8,1,1,1
1036,0,0,0,0,23,1,72.98,6039.17,2,1,1
1037,0,0,1,0,16,2,49.0,183.68,2,0,0
1038,1,1,0,1,17,1,82.89,2010.02,0,0,0
1039,1,0,1,0,41,0,31.79,7127.52,2,1,1
1040,1,0,1,0,44,1,85.49,5753.88,0,1,0
1041,1,0,0,0,16,1,48.33,602.29,2,2,0
1042,0,1,0,1,13,2,20.02,6572.59,1,2,0
1043,1,0,0,0,48,1,32.69,3954.42,1,3,1
1044,1,0,0,0,28,2,113.36,6777.33,1,1,0
1045,0,1,0,0,3,1,106.74,4813.9,2,0,1
1046,1,0,1,0,19,0,43.36,5461.03,2,0,1
1047,1,1,0,0,46,0,97.84,7948.14,1,1,0
1048,1,1,0,0,8,2,80.86,1874.04,1,3,0
1049,1,0,0,0,26,2,117.09,4999.09,0,0,1
1050,1,1,1,1,14,1,57.36,3693.36,0,1,1
1051,0,1,0,1,18,1,88.15,334.83,1,1,0
1052,1,0,1,0,51,0,26.35,135.48,1,3,1
1053,1,1,0,1,25,1,59.62,971.44,2,1,0
1054,1,1,0,1,25,0,116.38,5199.75,1,0,1
1055,1,0,1,0,25,2,73.9,4545.96,0,2,0
1056,1,0,0,1,45,1,48.79,4436.37,0,3,1
1057,0,0,1,0,48,2,32.03,274.22,0,1,0
1058,1,1,1,0,52,1,90.35,3765.04,0,3,0
1059,0,0,1,0,2,0,84.49,7398.49,0,1,1
1060,0,1,0,0,65,2,57.39,3192.78,0,2,0
1061,1,1,0,0,41,2,115.09,5006.88,1,3,1
1062,1,1,0,1,18,1,22.22,6242.95,0,1,1
1063,1,1,1,0,16,2,50.37,6275.72,0,2,1
1064,1,1,0,1,32,0,112.11,4163.86,0,0,1
1065,0,1,1,0,48,2,52.09,6866.46,0,1,0
1066,1,1,0,0,55,2,45.23,3143.2,1,2,1
1067,1,0,1,0,62,1,73.42,7111.77,2,2,1
1068,1,0,1,1,2,2,102.38,1937.01,2,3,1
1069,1,1,1,0,48,1,30.31,2256.13,2,1,0
1070,1,1,0,0,54,1,114.3,443.9,2,0,1
1071,1,0,1,0,25,2,99.51,6368.74,0,1,0
1072,0,1,1,0,71,0,38.13,3348.1,2,2,0
1073,0,0,1,1,51,1,91.2,1848.35,2,0,1
1074,1,0,1,0,6,2,58.5,1869.69,1,2,0
1075,1,0,1,1,45,1,60.23,7213.17,1,3,1
1076,1,1,1,0,45,0,98.33,6674.65,1,1,0
1077,0,1,0,1,15,0,116.28,4437.18,0,2,0
1078,1,0,0,1,23,1,32.67,4936.56,0,2,1
1079,0,0,1,0,60,0,62.06,3805.12,0,1,0
1080,1,0,0,0,53,2,68.09,3145.5,1,0,1
1081,1,0,0,1,61,2,57.63,7325.51,2,2,0
1082,1,0,1,0,0,1,56.32,1022.39,1,1,1
1083,1,1,1,0,48,0,25.23,3359.21,0,3,1
1084,0,0,1,0,24,2,88.55,2769.6,1,3,1
1085,0,1,0,1,9,2,63.62,3995.24,2,1,1
1086,1,0,1,0,15,2,39.48,3671.9,0,2,0
1087,1,1,0,0,57,1,101.6,4160.74,2,1,1
1088,0,1,1,0,71,1,100.26,1136.55,2,1,1
1089,0,1,0,1,28,2,68.64,4114.87,0,2,1
1090,0,1,1,0,5,2,49.85,1954.5,2,0,1
1091,0,1,1,1,15,0,83.81,1490.96,1,0,0
1092,1,1,0,0,19,0,48.82,537.38,2,3,1
1093,0,0,0,1,70,0,43.6,6105.97,2,0,0
1094,1,1,0,0,42,1,93.05,3430.99,2,1,1
1095,0,0,0,0,25,2,24.03,5020.62,1,2,1
1096,0,1,0,1,70,1,29.48,5826.19,2,3,1
1097,0,1,0,1,32,2,20.68,5440.95,2,0,1
1098,0,0,1,1,25,0,35.29,3774.6,1,1,1
1099,0,1,0,0,44,0,26.9,3115.43,0,3,1
1100,1,0,1,0,62,0,119.58,3020.16,0,2,0
1101,1,0,1,0,66,0,48.88,5127.59,0,0,0
1102,0,0,0,0,51,2,34.93,3968.46,2,1,1
1103,0,0,1,1,67,0,44.1,6796.08,0,2,1
1104,1,1,0,0,25,2,113.61,7000.12,1,1,1
1105,0,1,0,0,1,2,72.02,1381.07,2,1,0
1106,0,0,1,0,13,1,56.48,1107.14,2,1,1
1107,1,1,1,0,29,0,107.34,5050.6,2,2,0
1108,0,1,0,0,48,0,59.5,2423.78,0,3,0
1109,0,0,0,0,11,1,53.5,168.19,0,1,0
1110,1,1,1,0,43,2,40.73,7111.37,0,3,0
1111,1,0,1,1,32,0,57.78,1830.67,2,3,0
1112,1,0,1,0,12,2,51.67,7435.66,1,0,1
1113,0,1,1,0,25,1,87.73,5745.13,2,0,0
1114,1,1,0,0,20,2,48.96,6105.97,1,3,0
1115,1,1,0,0,27,0,77.72,1627.66,2,0,1
1116,1,0,0,1,47,2,26.59,1888.87,1,0,1
1117,1,0,0,1,39,2,39.13,4179.72,2,3,0
1118,1,1,1,1,65,0,60.74,1393.36,2,2,1
1119,1,1,1,1,22,0,113.69,2457.34,1,0,1
1120,0,1,0,1,47,2,57.73,2585.27,1,0,1
1121,0,1,0,1,1,2,86.41,1293.85,1,2,0
1122,1,0,0,0,19,1,45.51,1657.36,1,2,0
1123,1,1,0,1,58,0,32.7,6312.64,1,2,1
1124,1,0,0,1,45,2,25.85,1354.22,1,3,1
1125,0,0,0,0,2,0,50.54,247.09,1,2,0
1126,0,1,0,1,54,1,35.77,5042.25,1,3,0
1127,0,1,0,0,11,2,37.4,7808.35,2,1,1
1128,0,1,0,0,39,2,96.08,2663.09,1,1,0
1129,0,0,1,1,65,2,21.58,966.87,1,2,0
1130,0,1,0,0,15,0,75.78,4571.69,2,2,1
1131,0,1,1,1,33,1,57.95,7252.71,2,1,1
1132,0,0,1,1,43,0,70.65,6276.81,0,3,0
1133,0,1,0,0,5,2,76.28,4987.68,0,3,0
1134,1,0,0,0,63,1,51.34,2534.15,1,2,0
1135,1,1,1,1,21,2,49.51,4344.2,1,2,1
1136,1,0,1,0,17,2,93.34,748.13,0,2,1
1137,1,1,0,0,11,0,107.13,5437.98,0,1,1
1138,0,1,1,1,51,2,39.26,5806.27,1,0,1
1139,0,0,0,1,50,1,29.76,7720.95,0,2,0
1140,1,0,0,0,70,2,109.78,2097.97,1,3,1
1141,0,1,0,1,47,2,54.99,167.28,2,0,1
1142,1,0,1,1,18,0,75.13,4373.96,2,3,0
1143,0,0,1,1,5,1,55.95,5660.19,0,0,1
1144,1,0,0,1,26,0,32.58,6327.45,2,1,0
1145,0,0,1,1,52,2,78.93,1566.04,2,0,1
1146,0,1,1,1,47,0,72.51,2108.79,2,3,0
1147,1,1,1,1,6,0,40.3,4110.48,2,0,0
1148,0,0,1,0,58,0,65.19,2658.19,1,1,0
1149,1,0,1,1,68,0,99.69,6886.88,1,3,1
1150,1,0,1,0,10,2,79.04,3800.61,0,2,0
1151,1,0,1,0,14,2,29.69,6400.64,2,0,1
1152,1,1,0,0,63,1,74.8,4653.35,2,3,1
1153,0,1,1,1,2,0,90.27,6189.26,2,0,1
1154,0,0,1,1,68,0,99.27,2674.73,0,1,1
1155,0,0,1,0,22,1,82.91,6654.7,1,3,1
1156,1,0,1,1,52,0,35.27,2211.09,2,2,1
1157,0,1,1,0,36,1,91.02,4377.87,1,2,0
1158,1,0,1,1,8,2,87.73,1727.78,0,0,0
1159,0,1,1,1,14,1,22.44,3814.7,1,1,1
1160,0,0,1,0,2,0,61.17,2559.04,2,1,1
1161,0,1,0,0,69,1,53.3,2148.29,1,0,1
1162,1,0,1,0,16,2,86.94,7736.54,1,3,1
1163,0,1,1,1,25,0,41.61,1297.39,0,3,1
1164,0,0,1,0,20,2,79.09,6302.86,0,0,0
1165,1,0,1,1,71,2,111.32,7873.64,0,3,0
1166,0,0,0,1,20,1,99.78,178.81,0,3,1
1167,1,1,0,1,10,2,112.15,5598.24,1,3,1
1168,0,0,0,0,37,0,117.85,2038.24,1,0,0
1169,1,1,0,0,71,2,21.07,343.09,0,2,1
1170,1,1,0,0,34,2,82.27,3235.06,0,1,1
1171,0,0,0,1,13,1,61.28,7483.04,2,2,1
1172,1,0,0,1,13,2,105.99,113.89,2,3,0
1173,1,0,0,0,9,1,45.18,4711.33,0,0,0
1174,1,1,0,1,11,1,118.1,4021.14,1,1,1
1175,1,0,0,1,37,0,81.37,6989.61,0,3,0
1176,1,1,0,0,33,0,99.35,690.33,1,1,0
1177,1,1,0,0,40,0,28.56,5458.58,1,1,1
1178,0,0,0,0,9,0,38.35,5447.28,2,2,0
1179,1,0,0,1,16,1,95.84,5359.26,0,3,0
1180,1,0,0,1,16,2,22.2,7539.83,0,1,0
1181,0,0,0,1,66,0,101.69,6588.24,1,2,0
1182,0,0,1,1,61,0,21.39,354.94,0,0,0
1183,0,0,0,1,0,0,85.71,3779.24,2,1,0
1184,0,1,1,0,11,2,56.51,3195.67,2,3,1
1185,0,1,0,1,3,0,81.15,2494.97,0,0,1
1186,0,1,0,1,41,2,89.6,3621.67,0,1,1
1187,0,0,1,1,12,1,54.25,3085.87,2,1,0
1188,1,1,0,0,3,1,30.8,3470.02,0,3,1
1189,1,1,1,0,68,1,26.96,7834.51,1,1,0
1190,0,1,1,0,18,2,78.89,727.29,0,3,0
1191,1,1,1,1,1,0,72.07,7379.4,1,3,1
1192,1,1,0,0,11,0,94.22,3852.29,0,3,0
1193,1,0,0,0,5,0,70.97,4997.46,0,3,1
1194,0,0,0,0,7,0,62.24,6644.86,2,1,0
1195,0,1,1,1,50,0,59.81,2896.49,1,0,1
1196,1,1,1,0,10,2,22.64,3454.77,2,0,1
1197,0,1,0,1,62,1,53.56,3287.96,0,2,1
1198,1,0,0,1,56,0,117.6,3010.35,2,3,1
1199,1,0,0,0,11,1,107.36,7405.72,0,1,0
1200,1,1,0,1,1,2,52.94,6634.86,0,1,1
1201,1,0,0,0,7,2,78.78,889.82,0,2,0
1202,0,0,1,1,10,0,104.73,882.82,1,0,1
1203,0,1,1,0,52,2,64.13,3434.4,1,1,1
1204,0,0,1,0,9,1,21.8,807.29,1,2,1
1205,1,0,0,0,7,0,27.45,4960.36,2,0,0
1206,0,1,1,1,35,0,71.04,1166.66,0,1,1
1207,1,0,1,0,13,1,116.94,4188.54,2,3,1
1208,0,0,1,1,53,0,89.32,77.62,2,2,0
1209,1,1,1,0,20,0,27.09,2546.44,0,1,1
1210,1,0,1,1,49,1,38.94,5423.98,2,2,0
1211,1,0,0,1,38,0,97.13,3882.63,0,2,1
1212,0,1,1,0,19,0,104.14,7826.59,0,2,1
1213,0,1,0,0,6,1,81.77,6995.35,0,3,1
1214,0,1,0,0,8,2,84.44,2885.38,0,0,0
1215,0,0,0,0,0,1,22.83,382.98,2,0,1
1216,1,1,0,0,25,0,102.85,6768.1,2,1,1
1217,0,0,0,1,37,1,98.83,7291.65,2,3,1
1218,0,1,1,0,37,0,45.9,6568.61,1,0,0
1219,1,0,1,0,60,0,90.87,1041.04,2,1,0
1220,1,1,0,1,43,1,41.49,7983.36,2,1,0
1221,1,1,0,0,43,0,24.03,2083.5,1,2,0
1222,0,1,0,0,61,2,40.11,5799.16,0,3,0
1223,1,1,1,1,5,0,37.86,7266.12,0,0,0
1224,1,0,0,0,16,1,53.77,1900.78,0,3,1
1225,1,1,1,0,50,2,61.84,7267.9,1,3,1
1226,0,1,0,0,37,2,70.85,2489.66,2,0,1
1227,1,0,1,1,23,0,67.68,7811.78,2,0,1
1228,0,1,0,0,50,1,47.07,2264.45,2,3,1
1229,0,0,1,1,9,0,22.92,7628.42,2,1,0
1230,1,1,0,0,71,0,80.51,447.29,1,3,0
1231,1,1,1,1,20,1,59.57,5679.99,2,0,0
1232,0,1,1,0,69,1,49.87,4266.25,0,3,1
1233,1,0,1,1,56,0,106.69,3833.46,1,0,0
1234,1,1,1,1,38,2,94.67,1803.48,1,1,1
1235,0,1,1,1,32,0,105.78,5650.65,0,3,0
1236,0,1,1,1,58,2,69.5,1542.66,0,1,1
1237,1,0,1,1,17,0,33.09,4431.68,2,3,0
1238,0,0,0,1,55,1,89.62,2040.9,0,3,1
1239,1,1,0,0,56,2,40.61,7645.86,1,0,0
1240,1,0,0,0,47,1,64.12,248.48,1,2,1
1241,1,1,0,1,41,1,26.5,1613.83,1,0,0
1242,0,1,0,1,26,1,102.53,1953.64,2,3,1
1243,1,1,1,1,51,1,32.59,3324.26,2,2,1
1244,1,1,1,1,41,1,110.31,1877.19,0,2,1
1245,1,1,1,0,31,0,106.42,3940.97,2,1,1
1246,0,1,1,1,25,2,66.46,6982.27,2,3,0
1247,0,1,1,0,24,0,94.44,5702.27,1,0,0
1248,0,0,0,0,22,0,81.94,4648.1,1,2,0
1249,0,0,0,1,56,0,100.31,730.25,0,2,1
1250,0,0,0,1,51,1,63.18,5558.06,1,0,0
1251,1,0,0,0,30,0,98.58,1347.99,2,0,1
1252,0,0,1,0,63,2,66.25,6295.21,0,2,0
1253,0,0,1,1,70,0,114.1,2015.45,0,0,1
1254,0,0,1,1,32,1,68.64,3348.05,1,1,0
1255,1,1,0,1,1,2,66.26,2816.75,1,2,1
1256,0,1,1,0,17,2,98.51,6873.34,1,1,1
1257,0,1,0,0,46,2,102.16,1029.82,0,3,0
1258,1,1,1,1,32,2,75.45,4533.85,1,1,0
1259,0,0,1,0,34,0,37.98,1153.65,2,0,0
1260,1,0,0,0,50,1,66.78,5644.27,0,2,1
1261,1,1,1,1,17,2,116.81,7242.52,1,1,1
1262,1,1,1,1,71,2,95.3,3488.17,2,0,1
1263,1,0,0,0,29,1,101.12,3914.98,2,0,0
1264,1,1,1,0,43,0,23.28,7420.83,1,1,1
1265,0,1,0,1,52,2,66.79,4177.51,2,2,0
1266,1,1,1,1,9,0,84.66,3911.04,0,1,1
1267,1,1,1,1,51,0,103.0,4635.07,0,3,0
1268,0,0,1,1,48,0,24.93,5520.05,2,1,1
1269,1,1,1,1,10,0,105.24,872.93,0,1,1
1270,0,1,1,0,65,2,74.84,6572.46,1,2,0
1271,0,0,1,0,57,2,39.73,3495.33,2,1,1
1272,0,0,1,0,35,0,51.73,597.34,0,0,1
1273,1,1,1,0,32,0,48.19,6293.74,1,2,0
1274,1,0,0,1,46,1,73.09,3028.06,1,0,1
1275,1,1,0,1,12,1,25.17,820.93,0,2,0
1276,0,1,1,1,39,1,35.85,5077.56,2,3,0
1277,1,0,1,0,67,2,101.27,7043.45,1,3,1
1278,1,1,0,0,41,1,33.26,7104.27,1,3,1
1279,1,1,1,0,18,2,43.34,7662.15,1,1,1
1280,0,1,1,1,18,2,65.34,6944.29,1,3,0
1281,0,1,0,0,57,2,71.71,37.08,2,2,1
1282,1,0,1,1,22,2,96.36,3054.32,0,3,0
1283,1,0,1,1,53,1,64.73,6551.97,0,2,1
1284,1,1,0,1,64,0,98.99,2942.7,0,0,1
1285,1,0,1,1,11,0,81.83,4820.36,1,1,0
1286,0,1,1,1,23,0,31.31,4858.41,2,0,1
1287,0,1,0,1,33,1,35.63,2932.9,0,0,1
1288,0,1,1,0,52,0,63.7,7237.7,2,3,1
1289,0,1,0,1,7,1,59.69,4035.76,0,3,1
1290,1,1,1,1,17,1,94.35,3728.98,1,3,1
1291,1,0,1,0,56,1,78.07,7980.16,0,0,0
1292,1,1,0,1,4,0,58.81,3958.13,1,1,1
1293,0,0,0,0,25,0,37.08,1443.62,1,1,0
1294,1,0,1,0,29,0,42.68,4114.29,0,0,1
1295,0,1,0,0,53,2,77.55,6515.85,2,1,1
1296,0,1,0,1,12,1,62.34,6219.35,1,0,0
1297,1,1,1,1,28,2,71.49,6312.88,2,0,1
1298,1,1,1,0,2,1,37.07,5670.03,0,1,1
1299,1,1,1,1,57,0,86.29,2048.66,1,2,0
1300,0,0,0,1,1,1,105.25,6899.43,2,2,0
1301,1,1,0,0,27,1,45.79,7149.68,1,3,1
1302,0,1,0,0,1,2,69.15,1569.34,0,1,0
1303,1,0,0,1,6,1,117.55,1061.04,1,3,0
1304,0,0,1,0,25,0,53.32,7805.33,0,0,0
1305,0,1,0,0,15,1,79.5,6949.23,2,2,0
1306,1,0,1,0,22,1,29.02,7148.02,1,1,1
1307,0,1,0,1,39,1,80.6,7093.28,2,1,1
1308,0,0,1,1,59,2,28.96,4342.66,0,1,0
1309,1,0,1,1,31,1,115.92,5178.29,0,2,1
1310,0,1,1,0,14,1,91.57,4372.0,2,3,0
1311,1,0,0,1,12,2,98.82,428.63,2,2,1
1312,0,0,1,0,4,2,90.41,5969.11,0,3,1
1313,1,0,1,1,51,2,78.97,4052.55,2,0,0
1314,1,0,0,1,40,2,64.99,5188.72,0,0,0
1315,0,0,1,0,52,0,105.84,4031.07,2,3,1
1316,0,0,0,1,49,0,115.68,3944.65,0,0,1
1317,0,1,0,0,14,1,69.9,1390.88,0,0,1
1318,0,1,1,1,6,0,113.15,2244.14,1,1,0
1319,0,0,1,1,39,1,78.33,1287.64,0,1,1
1320,1,1,0,0,27,0,73.84,1581.42,0,2,0
1321,0,1,1,0,31,2,65.45,7784.36,1,2,0
1322,1,1,0,0,14,2,40.93,1241.85,1,2,0
1323,1,0,0,1,69,0,20.37,2168.78,2,1,1
1324,0,1,0,1,64,0,44.15,4732.91,2,2,0
1325,1,0,1,1,3,1,70.97,4889.23,0,2,1
1326,1,1,0,0,10,1,58.0,1248.71,2,1,0
1327,1,0,1,0,25,1,64.85,6353.87,2,3,1
1328,1,0,1,0,60,2,118.06,6285.92,0,1,1
1329,0,1,1,1,36,2,55.03,1913.8,1,3,0
1330,1,1,1,1,22,2,65.22,2323.56,1,1,0
1331,0,0,0,0,39,2,33.35,7505.14,0,2,1
1332,0,1,1,1,22,1,24.8,6608.86,0,0,1
1333,1,1,0,0,15,2,97.54,5588.42,0,0,0
1334,0,1,0,1,60,2,77.07,676.22,0,3,0
1335,0,0,1,1,67,2,96.07,3357.75,0,3,1
1336,0,0,0,0,30,2,34.99,4483.23,0,3,1
1337,1,1,0,1,52,0,77.18,1515.54,2,0,0
1338,0,1,1,1,24,1,45.36,3596.85,2,3,1
1339,0,1,0,0,43,1,42.81,4816.19,2,1,0
1340,0,0,0,0,11,2,21.15,2632.47,1,1,0
1341,1,0,0,1,8,0,33.03,6251.94,0,0,0
1342,0,1,0,0,11,1,50.93,6726.79,0,1,0
1343,1,1,1,1,68,1,31.69,2602.4,2,3,1
1344,1,1,0,0,53,2,118.59,6712.48,1,0,0
1345,1,1,0,1,53,2,50.86,846.54,2,3,0
1346,1,1,0,1,27,1,33.03,6705.08,0,1,1
1347,1,1,0,0,55,1,39.91,1238.95,0,3,1
1348,1,0,1,1,68,0,78.77,681.76,2,0,0
1349,0,1,0,1,57,1,26.4,5141.37,2,3,0
1350,1,0,1,0,41,1,106.24,3786.06,0,1,0
1351,0,1,0,0,37,2,116.15,7264.97,2,2,0
1352,0,1,1,1,67,1,44.67,2918.25,0,0,0
1353,1,0,1,0,52,2,65.01,2311.48,2,3,0
1354,0,0,1,0,32,1,22.21,4015.86,1,0,1
1355,0,0,1,1,70,1,84.07,3658.45,0,3,1
1356,0,0,1,1,55,1,61.39,2768.54,1,2,0
1357,0,1,0,0,71,0,47.01,5556.06,2,1,1
1358,1,0,0,0,50,2,40.68,6081.3,1,3,1
1359,0,1,0,0,42,0,85.4,6826.81,2,3,0
1360,1,0,1,1,14,1,61.62,7783.4,1,2,1
1361,0,1,0,1,37,0,37.97,2147.92,1,0,1
1362,0,1,1,1,14,2,88.91,5734.43,1,1,0
1363,1,1,1,1,4,1,76.51,3166.18,0,3,0
1364,0,1,0,1,53,0,105.87,5423.11,1,3,0
1365,0,1,0,1,50,0,31.75,3818.33,2,1,1
1366,0,1,1,1,9,2,98.57,7950.31,2,2,0
1367,1,0,1,0,11,0,87.35,5836.64,0,0,1
1368,0,1,0,0,3,2,31.5,7620.88,0,1,0
1369,1,0,0,1,17,1,89.48,6683.06,2,0,0
1370,0,0,0,1,35,1,64.15,7225.15,1,2,0
1371,1,1,0,1,24,0,114.5,6519.07,2,2,0
1372,1,0,1,0,35,1,34.16,3684.09,0,1,1
1373,0,1,0,1,66,1,84.28,2029.27,0,3,1
1374,0,0,0,0,8,0,58.2,2975.16,2,2,0
1375,1,1,0,0,60,1,115.68,181.49,1,2,1
1376,1,0,1,0,52,0,53.0,4201.47,1,1,0
1377,0,1,1,0,17,2,116.22,4050.36,0,1,0
1378,1,1,1,0,42,2,110.15,4211.5,2,1,1
1379,0,1,1,1,34,2,47.04,7792.77,2,2,1
1380,0,1,0,1,62,0,100.35,7293.4,0,0,0
1381,0,0,1,0,3,0,119.56,1310.47,2,2,0
1382,0,1,0,1,40,1,45.27,2963.68,0,1,0
1383,1,0,0,0,44,1,63.68,3403.17,1,3,1
1384,0,0,0,0,49,1,72.02,2897.05,1,3,0
1385,1,0,0,1,27,1,49.49,6392.0,2,1,0
1386,0,1,1,1,41,1,21.53,4201.82,1,3,0
1387,1,0,1,1,68,0,42.01,4585.36,1,2,0
1388,0,0,1,1,0,0,48.19,6827.05,0,0,0
1389,1,0,0,1,38,2,64.36,6451.31,0,2,0
1390,1,1,0,0,16,2,37.11,1075.05,2,1,1
1391,0,1,0,1,34,2,107.33,5717.04,0,2,0
1392,0,0,0,1,45,2,90.49,3494.78,2,3,0
1393,0,1,0,1,41,0,28.52,2371.3,2,2,1
1394,0,1,1,0,38,0,85.01,419.15,0,0,1
1395,1,0,0,1,48,0,85.37,3908.25,1,3,0
1396,0,0,1,0,61,1,115.62,2856.38,1,0,1
1397,1,1,0,1,37,1,20.3,2027.07,1,0,0
1398,1,0,0,1,22,2,44.79,5563.48,1,0,1
1399,0,1,1,0,21,1,112.78,6160.49,2,2,1
1400,1,1,1,1,3,0,113.21,1973.42,1,2,0
1401,1,1,0,1,48,2,92.06,414.59,2,2,1
1402,1,1,0,0,58,2,96.58,6793.05,0,2,0
1403,1,1,0,1,67,1,29.15,99.48,0,3,1
1404,0,1,0,0,70,2,71.39,7498.16,2,2,0
1405,0,0,1,0,1,1,43.16,5028.41,1,3,1
1406,0,0,0,0,48,1,38.12,2588.34,2,0,0
1407,0,1,1,0,30,2,101.03,1986.89,1,3,0
1408,1,1,0,0,39,1,33.5,91.87,1,1,0
1409,1,1,1,1,47,1,66.87,1899.06,2,2,0
1410,0,0,1,1,50,1,113.86,1119.07,2,1,1
1411,0,1,0,1,42,1,38.58,4905.09,1,3,0
1412,0,0,1,0,54,2,117.8,1349.03,2,2,1
1413,1,1,0,0,48,0,119.43,4238.47,1,1,1
1414,0,1,1,0,56,0,75.56,4729.13,2,2,0
1415,0,0,0,0,14,1,37.01,2398.37,0,3,0
1416,0,0,1,1,26,1,51.61,299.82,1,1,1
1417,1,1,0,1,67,1,62.45,317.29,0,3,1
1418,1,1,0,0,63,0,50.93,230.25,2,1,1
1419,1,1,1,0,29,1,48.06,5918.21,0,0,0
1420,1,0,1,1,35,2,117.22,2557.72,2,0,0
1421,1,0,1,0,66,2,35.34,6374.48,1,0,1
1422,1,0,1,0,48,2,93.33,3465.23,2,0,1
1423,1,0,0,0,54,0,20.04,3634.92,2,0,1
1424,1,0,1,1,55,1,79.62,4112.8,1,3,0
1425,0,0,0,1,67,1,111.59,5709.99,2,0,1
1426,0,1,1,0,43,1,48.79,2202.55,1,3,1
1427,1,1,0,1,30,0,38.55,990.27,2,0,1
1428,1,0,0,0,57,0,85.17,4457.34,1,2,1
1429,0,1,0,0,52,0,91.26,2629.28,0,0,0
1430,1,1,0,1,22,0,88.8,3551.08,2,2,1
1431,1,0,1,0,27,2,51.93,5182.63,2,3,0
1432,1,1,1,0,15,0,45.22,3963.12,2,0,0
1433,0,0,0,1,36,0,115.59,4969.82,1,1,1
1434,0,0,1,0,20,0,112.33,4362.72,2,3,0
1435,0,1,1,0,16,1,65.73,5923.58,1,0,1
1436,0,0,0,0,36,1,104.62,5653.37,2,3,1
1437,0,0,1,1,18,1,65.23,4282.84,0,1,1
1438,1,0,1,0,29,2,62.44,5437.65,2,0,1
1439,0,0,1,1,44,2,35.68,6991.01,0,1,1
1440,1,0,0,0,17,0,62.64,3469.52,1,0,0
1441,1,0,1,0,61,1,73.74,3313.85,0,2,0
1442,0,0,0,0,35,2,22.25,6118.68,2,3,1
1443,0,0,1,0,51,1,64.41,4668.78,2,1,0
1444,1,1,1,1,18,2,98.14,586.63,1,3,1
1445,1,1,1,1,43,2,88.0,7139.05,2,1,0
1446,1,1,0,0,6,0,83.52,265.65,2,3,0
1447,0,0,0,0,43,0,110.96,5992.2,1,3,1
1448,0,0,1,0,67,2,21.8,6075.18,1,3,0
1449,0,1,0,0,33,0,75.7,7625.83,0,2,0
1450,0,1,1,0,65,2,98.73,451.99,1,0,0
1451,0,1,0,0,68,2,74.13,4782.92,2,2,1
1452,1,0,0,0,54,1,52.39,3434.17,1,3,0
1453,0,1,1,0,9,0,33.63,2658.45,2,1,0
1454,1,1,1,1,41,0,108.76,740.74,0,3,0
1455,1,0,1,1,40,0,67.08,4509.98,1,0,0
1456,1,1,1,1,68,1,107.81,3842.74,2,2,0
1457,0,0,0,0,9,1,78.59,854.34,1,0,0
1458,0,0,0,0,9,1,87.42,4907.67,1,1,0
1459,0,0,0,0,59,0,100.43,5908.87,1,0,0
1460,1,1,1,1,50,0,85.92,6142.88,1,2,0
1461,1,1,1,0,20,0,59.81,7244.88,0,1,1
1462,1,0,0,1,7,1,71.36,3287.58,2,0,0
1463,1,1,1,0,64,1,100.3,7625.52,1,2,0
1464,1,1,0,1,29,2,57.37,6926.13,2,2,0
1465,1,1,0,1,48,1,58.81,2386.08,0,3,0
1466,0,1,0,1,8,2,29.57,1291.08,2,0,0
1467,0,0,0,0,16,0,111.46,3494.41,2,1,1
1468,0,1,0,1,68,1,29.1,3227.15,0,3,1
1469,0,0,1,0,57,0,84.82,4614.24,1,0,1
1470,1,0,1,0,56,0,61.32,4675.42,2,0,1
1471,1,1,1,0,61,0,60.56,6004.9,2,1,0
1472,0,0,0,0,51,0,87.96,4088.92,1,3,0
1473,1,1,0,0,60,1,26.71,856.48,1,3,0
1474,0,1,0,1,39,0,79.37,6869.16,2,1,1
1475,0,0,0,0,37,2,97.2,2491.92,0,3,1
1476,0,0,1,0,42,1,102.82,7770.95,1,2,1
1477,1,0,1,0,62,0,37.05,960.52,1,1,1
1478,0,0,0,0,18,1,109.74,7666.84,0,0,0
1479,0,1,0,0,49,2,85.61,746.27,2,1,0
1480,0,1,0,1,32,0,108.19,1863.67,1,2,1
1481,1,1,1,1,12,2,68.53,391.71,2,1,0
1482,1,0,1,0,61,0,74.2,5646.8,2,0,1
1483,0,0,1,1,42,2,111.9,6805.38,2,0,1
1484,1,0,0,1,48,0,109.99,3483.89,0,1,1
1485,1,1,0,0,35,1,64.82,7429.61,2,1,1
1486,1,0,1,1,9,0,47.44,4730.59,2,2,0
1487,1,1,0,0,5,1,59.32,5047.46,1,2,0
1488,1,0,1,1,56,0,58.78,6766.45,1,0,1
1489,1,1,0,1,0,0,48.69,2388.47,0,3,1
1490,1,1,1,1,70,2,46.86,2847.04,0,3,0
1491,1,0,0,0,57,2,106.11,7249.5,1,3,0
1492,1,0,1,1,20,2,26.99,7209.69,1,3,1
1493,1,1,1,1,55,0,87.76,7812.33,0,0,1
1494,0,1,1,0,19,0,37.28,7216.67,2,3,1
1495,0,0,1,0,53,0,54.45,1036.43,0,3,1
1496,1,0,1,1,24,1,26.15,6593.32,2,1,1
1497,0,1,1,0,27,1,47.0,3290.51,1,3,0
1498,0,0,0,1,4,0,96.84,7926.59,1,1,0
1499,1,1,0,1,20,2,108.5,3788.8,1,0,1
1500,1,1,0,0,17,2,42.15,4439.61,2,1,1
1501,1,0,1,0,46,2,66.35,4247.6,0,2,1
1502,0,0,1,0,69,0,67.03,2587.46,2,1,1
1503,0,0,0,1,56,2,107.36,618.68,0,3,0
1504,1,0,1,0,18,0,96.28,7167.3,0,1,0
1505,1,0,1,1,64,1,71.31,6425.35,0,1,1
1506,1,1,1,0,2,2,87.07,1133.42,1,0,0
1507,0,1,1,1,41,1,104.74,6218.61,0,0,1
1508,0,0,1,0,20,2,20.95,5014.26,1,3,1
1509,0,0,0,1,39,0,60.29,3284.97,0,2,0
1510,0,0,0,0,66,0,110.72,2047.09,0,2,1
1511,1,1,0,1,24,0,94.03,6880.64,1,1,0
1512,1,0,0,0,54,0,74.28,5607.5,1,2,1
1513,1,0,0,0,51,2,72.96,4390.96,2,0,1
1514,1,1,1,1,43,1,54.78,4884.36,0,3,1
1515,0,1,1,0,55,0,72.05,746.71,1,3,1
1516,0,0,1,1,54,2,85.54,3801.88,2,0,0
1517,1,0,1,1,69,1,61.84,1565.73,2,3,1
1518,1,0,0,0,65,0,91.42,1682.9,1,1,0
1519,0,1,0,1,18,1,106.12,5297.21,0,3,0
1520,1,0,0,0,6,0,35.47,7291.82,2,2,1
1521,0,0,1,0,62,1,65.15,3241.98,0,3,0
1522,1,0,0,1,41,1,60.8,1677.84,0,3,1
1523,1,1,1,0,41,0,88.75,5197.0,2,0,0
1524,1,1,0,1,58,2,44.99,6972.07,1,0,0
1525,1,0,0,1,19,1,84.03,5991.58,0,2,1
1526,1,0,1,0,16,0,107.75,6952.68,1,0,1
1527,1,1,1,0,26,1,61.81,4301.71,2,2,0
1528,1,1,0,1,46,1,111.1,6019.97,0,1,1
1529,0,1,0,1,1,2,119.32,1137.72,1,2,1
1530,0,1,1,0,62,1,30.61,2799.23,1,3,0
1531,0,1,0,0,61,1,43.31,3128.6,0,2,0
1532,0,1,0,0,18,0,115.04,4100.14,1,1,1
1533,0,1,1,0,16,0,115.83,7434.03,1,3,0
1534,1,1,0,1,68,2,29.77,6996.89,2,2,1
1535,1,1,1,0,38,1,21.5,1093.51,2,0,1
1536,0,0,0,1,70,1,36.11,1398.86,1,0,0
1537,1,0,1,1,38,1,119.6,2873.97,1,0,1
1538,0,0,0,0,35,2,38.0,2340.14,0,2,0
1539,0,1,1,1,39,1,70.25,4925.87,2,2,1
1540,1,0,0,0,44,0,104.84,7224.15,0,1,1
1541,1,1,1,1,3,2,22.04,7699.09,1,3,1
1542,1,1,0,0,24,0,80.45,5235.75,0,3,0
1543,0,0,0,1,68,0,47.7,6708.51,1,3,0
1544,1,1,0,1,29,2,106.23,4211.11,2,3,1
1545,0,0,0,0,67,0,48.35,1682.45,2,2,0
1546,0,0,0,0,28,1,88.68,4207.01,1,2,0
1547,0,0,0,1,67,2,87.42,4449.56,2,1,1
1548,1,1,0,1,50,0,42.15,5944.81,1,3,0
1549,1,0,0,0,23,1,23.48,1774.67,0,2,0
1550,0,1,0,1,13,1,60.92,2959.12,1,2,0
1551,1,0,1,0,68,0,48.92,2924.94,0,2,1
1552,1,0,1,1,17,1,100.9,7676.33,1,2,1
1553,1,0,0,0,41,2,100.04,3562.68,2,3,0
1554,0,1,1,1,56,0,65.7,6045.65,1,3,1
1555,0,1,0,0,11,1,80.65,6011.47,1,2,0
1556,1,1,0,0,16,1,80.43,2139.04,1,0,1
1557,0,0,1,1,29,0,102.72,4583.52,2,1,0
1558,1,0,0,0,22,0,62.5,7156.54,1,3,1
1559,1,1,0,1,0,0,47.54,3812.08,2,3,0
1560,1,1,1,0,31,0,46.5,7562.04,1,0,1
1561,1,1,1,0,8,2,73.62,1731.38,0,3,0
1562,0,1,0,0,14,0,64.91,611.79,1,0,1
1563,0,1,1,1,27,2,64.01,7133.8,0,0,1
1564,0,1,1,0,23,2,29.11,6784.5,2,2,1
1565,1,0,0,1,59,0,91.86,7940.87,2,3,0
1566,1,1,1,0,34,2,41.37,5441.56,1,1,0
1567,1,0,1,1,26,0,39.7,7494.77,2,0,0
1568,0,0,0,1,19,0,61.28,6619.05,1,1,1
1569,1,1,1,1,64,1,42.78,6758.52,2,2,0
1570,0,1,1,0,48,0,78.39,4561.75,0,3,1
1571,0,0,0,1,0,1,57.15,3071.27,2,2,1
1572,0,1,0,0,9,2,64.89,7477.77,0,2,1
1573,0,1,0,1,46,1,73.72,3468.3,1,1,0
1574,0,0,1,1,58,2,40.35,4319.78,1,1,1
1575,0,0,0,1,61,0,35.58,3579.99,1,0,0
1576,1,0,0,1,17,2,108.04,4527.25,0,3,0
1577,1,1,1,0,45,2,63.37,3774.63,1,2,1
1578,0,0,0,1,31,0,61.21,402.78,1,0,0
1579,0,1,0,1,26,2,23.56,7058.74,0,0,1
1580,1,0,0,0,17,0,69.8,3566.26,2,2,1
1581,0,0,0,1,38,1,75.42,4719.77,1,2,0
1582,0,0,1,1,48,0,75.88,1130.72,2,0,1
1583,1,1,0,1,43,0,90.7,47.04,2,2,1
1584,0,1,0,1,71,2,37.75,1977.41,1,2,1
1585,0,0,1,0,53,1,45.22,5642.6,1,1,0
1586,0,0,0,0,33,0,101.07,811.57,0,3,0
1587,1,0,1,1,70,1,114.72,7272.92,0,0,0
1588,1,1,1,0,35,1,33.59,1735.88,1,2,1
1589,1,0,1,0,17,2,69.76,1652.66,2,0,1
1590,0,1,0,1,37,0,41.42,1468.43,0,3,0
1591,0,0,1,0,58,2,26.01,131.57,0,0,0
1592,1,0,1,1,8,0,52.55,6179.01,1,0,0
1593,0,0,1,0,71,1,34.37,7002.78,1,0,0
1594,0,0,0,0,50,0,90.99,4921.02,1,1,0
1595,0,0,0,0,34,0,73.37,1521.84,1,3,1
1596,0,0,0,1,4,1,34.38,2296.52,0,3,0
1597,0,1,0,0,13,1,20.92,3817.9,0,0,1
1598,1,0,0,1,29,0,100.82,7635.68,0,0,1
1599,0,1,0,1,3,2,37.62,1993.86,2,3,1
1600,1,0,0,0,38,0,80.62,5858.53,0,2,1
1601,0,0,1,1,63,1,53.69,3526.8,0,1,0
1602,1,1,1,0,24,2,78.55,2396.82,1,3,1
1603,0,0,1,1,27,1,51.57,3658.21,0,0,0
1604,1,1,1,1,65,1,28.69,588.23,0,2,1
1605,0,1,0,0,21,2,42.3,6393.53,0,2,0
1606,1,0,1,0,30,1,38.81,1961.55,1,2,0
1607,0,1,1,0,22,1,62.8,5808.79,0,1,1
1608,1,1,1,0,47,1,85.83,565.42,0,1,0
1609,0,0,1,1,19,1,46.38,7641.69,2,3,1
1610,1,1,0,1,37,1,21.21,1560.26,2,3,0
1611,1,0,0,1,54,1,71.89,7064.28,2,3,1
1612,0,0,0,0,67,1,80.58,6479.6,2,3,1
1613,0,0,1,1,0,1,116.29,7743.52,1,0,0
1614,1,0,0,0,6,1,78.95,3833.57,2,1,0
1615,0,1,1,1,56,0,67.12,5824.63,0,2,1
1616,1,0,0,0,11,0,77.34,2978.27,2,0,1
1617,1,0,0,1,4,1,112.79,1491.26,1,3,0
1618,1,1,0,1,49,0,102.84,3555.75,2,3,1
1619,0,0,0,0,41,2,52.3,1342.68,2,0,1
1620,1,0,0,1,11,0,43.73,7856.72,1,2,1
1621,1,1,1,0,17,1,46.26,788.05,1,1,0
1622,0,1,0,1,65,1,70.44,4721.91,1,1,1
1623,0,1,1,1,16,0,94.4,5019.18,1,2,1
1624,0,1,1,0,67,1,70.32,4313.87,1,1,0
1625,0,1,1,0,70,2,26.78,5304.24,1,3,1
1626,1,1,1,1,61,2,92.36,947.12,0,3,1
1627,1,1,1,1,40,1,100.6,4449.05,2,3,1
1628,1,0,0,1,33,2,48.95,2311.96,2,3,1
1629,1,1,0,1,69,2,86.41,7522.6,1,2,0
1630,0,1,0,1,44,0,62.66,6101.33,1,1,1
1631,1,1,0,1,57,2,108.91,7780.67,0,1,1
1632,1,0,1,0,50,0,104.52,319.7,0,0,1
1633,0,0,0,0,33,1,72.54,2295.36,1,2,1
1634,1,1,0,0,43,0,89.15,1579.47,0,1,1
1635,1,1,1,1,14,1,108.33,109.01,0,1,0
1636,1,1,1,1,69,1,69.57,1953.76,1,0,0
1637,1,0,0,1,49,1,51.33,5436.63,1,3,1
1638,1,0,0,0,31,1,95.37,1864.09,1,1,1
1639,1,1,1,0,66,1,42.01,4081.85,1,3,0
1640,0,0,0,1,2,0,58.85,7104.79,2,0,0
1641,0,1,0,1,50,1,106.57,5556.19,2,1,0
1642,1,0,0,0,66,2,92.44,3169.14,1,3,1
1643,1,0,0,0,47,2,60.38,2992.3,0,2,1
1644,0,1,1,0,16,1,41.47,3656.77,1,3,1
1645,1,1,1,1,6,2,55.6,1432.79,2,3,1
1646,1,1,1,1,12,0,48.41,5079.33,0,3,1
1647,1,1,0,1,65,0,37.61,2925.94,2,3,1
1648,0,0,0,0,3,1,94.33,6821.88,1,2,0
1649,1,0,0,0,9,1,45.21,6057.29,2,0,0
1650,0,0,0,1,16,1,65.42,4891.9,2,3,1
1651,1,1,0,1,51,2,58.59,2926.33,2,3,1
1652,0,0,1,0,5,2,118.21,1695.26,0,1,1
1653,0,1,0,1,68,0,59.11,6213.69,2,1,0
1654,1,0,0,0,8,2,28.0,3901.54,0,2,0
1655,0,1,1,0,20,0,28.98,1813.51,1,2,0
1656,1,1,0,1,23,2,79.08,1577.49,1,2,0
1657,0,0,1,0,3,0,79.94,1339.9,2,1,1
1658,1,1,1,1,23,1,61.88,6221.75,0,3,0
1659,1,1,1,0,58,2,63.18,1847.32,1,1,0
1660,0,0,1,0,2,0,25.39,4222.61,0,0,1
1661,1,1,1,1,67,2,71.65,3623.34,0,2,1
1662,1,1,0,0,39,1,70.47,4645.29,2,2,1
1663,0,1,1,1,47,0,34.95,7019.7,2,2,0
1664,1,0,1,1,53,2,30.38,6944.62,0,0,1
1665,1,0,0,0,34,2,32.36,3619.59,0,3,0
1666,0,1,0,1,55,1,30.1,142.62,2,3,0
1667,0,0,1,1,39,1,80.97,3423.02,0,3,0
1668,1,1,0,1,67,0,39.65,4857.42,2,2,0
1669,1,1,0,1,45,2,45.14,4470.96,0,3,1
1670,0,1,1,1,12,2,37.36,5217.66,2,1,1
1671,0,1,1,1,26,1,115.78,1249.52,0,2,0
1672,1,1,0,0,5,1,105.46,5179.35,2,0,1
1673,0,0,1,1,16,0,43.05,1477.56,0,0,0
1674,1,1,1,0,35,2,52.76,6009.18,1,3,0
1675,1,0,0,0,1,2,40.99,2725.92,1,2,1
1676,1,0,1,1,51,0,69.19,5684.97,0,1,1
1677,1,1,1,0,65,0,21.96,401.97,1,1,0
1678,1,1,1,0,51,1,87.14,3274.72,0,2,1
1679,0,0,1,1,42,1,72.32,5646.18,0,3,0
1680,0,0,1,1,21,0,109.86,1830.43,1,0,1
1681,0,0,0,1,54,0,36.44,6366.39,0,0,0
1682,0,1,0,0,66,2,100.41,5053.62,2,1,0
1683,1,0,1,0,59,0,99.2,4708.74,0,1,1
1684,1,1,0,1,57,0,32.72,2841.32,0,1,1
1685,1,1,1,1,11,2,59.86,3869.96,1,0,0
1686,1,1,1,0,68,0,37.02,4786.85,2,1,1
1687,0,0,1,0,38,1,45.47,3790.25,0,0,1
1688,1,1,1,0,12,1,46.32,5592.54,0,0,0
1689,1,1,1,0,40,2,75.62,3480.9,0,3,0
1690,0,1,0,1,56,0,61.14,1634.14,0,3,1
1691,0,1,0,0,52,1,114.77,1727.19,0,3,1
1692,0,1,1,0,11,1,32.64,66.31,0,1,0
1693,0,0,0,0,12,1,117.37,2421.64,2,0,0
1694,1,1,1,0,56,1,43.06,5996.36,2,1,0
1695,1,1,0,1,39,0,97.29,6357.42,0,0,0
1696,0,0,1,1,44,0,53.9,1635.69,0,3,0
1697,1,1,0,0,34,0,34.31,7673.17,1,3,0
1698,1,0,1,0,2,0,105.79,4029.17,2,1,0
1699,1,1,1,1,4,1,50.89,7337.49,2,0,0
1700,0,0,0,1,10,2,85.89,5659.99,0,1,1
1701,1,0,0,0,70,2,76.64,5785.02,2,2,1
1702,0,1,1,0,55,1,67.18,698.65,2,1,1
1703,1,1,0,1,9,1,69.58,1775.53,1,3,0
1704,1,1,1,1,33,2,93.22,90.34,1,0,1
1705,1,0,0,1,66,2,28.78,5734.7,2,0,0
1706,0,0,0,1,71,1,86.82,2768.62,2,1,1
1707,1,0,1,1,30,1,109.58,6297.49,2,3,0
1708,0,1,0,1,70,0,25.78,2724.71,0,2,0
1709,0,0,0,0,65,0,34.07,6558.28,1,1,1
1710,0,0,1,1,69,2,91.66,1062.97,0,0,0
1711,1,1,0,1,40,1,63.73,1403.52,1,3,1
1712,1,0,1,1,62,2,60.35,2740.19,1,0,1
1713,1,0,1,1,31,0,33.7,3279.73,1,0,1
1714,1,1,1,0,19,0,70.68,2802.65,2,0,1
1715,0,0,1,0,56,2,32.65,6113.9,1,0,1
1716,0,1,1,1,49,0,67.66,793.67,0,2,1
1717,0,1,0,0,24,1,96.36,2822.71,1,3,1
1718,1,1,1,0,11,2,45.83,6701.18,0,1,1
1719,0,1,1,0,70,1,68.08,553.04,1,3,1
1720,1,1,0,0,38,1,119.2,7539.9,1,3,0
1721,0,0,0,0,16,0,88.67,7890.81,2,3,0
1722,1,0,0,0,44,1,104.14,726.77,0,1,1
1723,1,1,1,1,10,2,61.48,2344.35,1,3,0
1724,0,1,1,1,69,1,96.79,2991.76,1,1,0
1725,0,0,1,1,22,1,24.05,6215.6,0,1,1
1726,0,1,0,1,69,1,32.29,4775.5,1,2,1
1727,0,1,1,1,37,1,40.31,5162.04,2,0,0
1728,1,1,0,0,1,1,60.2,6064.93,0,1,1
1729,0,0,1,1,71,0,104.57,961.47,2,0,1
1730,0,0,0,1,36,2,54.63,6669.01,0,3,1
1731,0,1,1,0,48,0,85.46,5650.85,0,0,0
1732,1,1,1,0,51,2,90.93,4627.19,0,0,1
1733,1,0,1,1,32,2,78.62,7120.09,1,0,0
1734,0,0,0,0,21,2,55.72,5608.44,0,3,1
1735,1,1,0,0,4,2,77.71,1629.57,0,3,1
1736,0,1,1,0,17,2,54.23,3449.37,0,1,0
1737,1,0,1,0,37,1,28.39,3962.46,2,1,1
1738,1,0,1,1,36,0,119.28,460.64,0,2,0
1739,1,0,0,0,63,0,32.72,7638.01,1,3,0
1740,1,1,1,1,9,1,27.23,1046.05,0,2,1
1741,0,0,1,1,41,2,107.85,5585.74,0,3,1
1742,0,1,1,0,47,0,50.18,4059.72,2,0,0
1743,0,0,1,0,43,1,85.03,224.55,1,2,0
1744,1,0,0,0,15,1,52.9,7399.48,1,2,1
1745,0,0,0,1,53,0,59.15,6817.66,1,2,1
1746,0,0,1,0,34,0,46.21,4203.58,0,3,1
1747,0,1,1,0,27,2,54.3,1846.96,0,1,1
1748,1,1,0,0,1,2,61.07,990.55,1,2,1
1749,1,0,0,0,12,0,92.04,2919.87,1,1,0
1750,1,1,1,0,40,2,71.15,2058.32,2,3,0
1751,0,0,0,1,58,1,114.36,4063.4,1,2,0
1752,0,0,0,0,68,2,24.19,7731.95,0,3,0
1753,0,0,1,0,52,2,70.31,4608.13,0,1,1
1754,1,0,0,0,44,1,78.42,7121.65,0,1,0
1755,1,1,0,1,19,2,112.02,5214.01,2,2,1
1756,0,0,1,0,23,1,24.92,3812.47,1,1,1
1757,1,0,1,1,60,2,77.35,6839.77,0,0,1
1758,1,1,0,1,57,0,105.36,3781.52,2,0,1
1759,1,0,1,0,26,2,44.19,6951.65,2,2,1
1760,1,0,0,0,25,0,107.63,2346.78,0,3,0
1761,0,0,1,0,6,0,21.9,1047.93,2,3,1
1762,1,1,0,1,41,0,93.25,6845.41,2,3,1
1763,1,0,1,1,46,0,113.31,4707.57,0,0,1
1764,1,1,0,1,52,0,85.72,7114.96,2,1,0
1765,1,0,0,1,58,1,63.9,7503.86,0,0,1
1766,0,0,0,1,37,1,24.49,447.95,0,1,1
1767,0,1,1,1,68,1,112.01,4017.74,2,0,1
1768,1,0,1,0,52,0,67.03,3012.22,0,3,0
1769,1,0,0,0,14,2,22.9,5014.35,0,3,1
1770,1,1,0,1,25,1,88.98,6352.86,1,3,0
1771,1,1,1,0,47,2,68.18,2259.11,0,2,0
1772,1,1,1,0,18,2,32.43,4463.25,1,2,1
1773,1,1,1,1,8,0,41.43,5675.65,1,1,0
1774,0,1,1,1,63,0,26.45,1092.76,1,2,0
1775,1,0,1,0,53,0,77.43,6516.25,1,0,1
1776,0,1,1,1,50,1,82.2,4856.75,2,0,1
1777,0,0,0,1,38,0,70.57,7597.31,2,1,1
1778,1,0,1,0,3,1,101.71,2729.44,0,1,1
1779,0,0,0,1,2,1,106.1,883.0,0,3,0
1780,0,1,1,0,63,1,81.56,4061.88,0,2,0
1781,0,1,1,0,28,1,21.28,704.77,2,3,1
1782,0,0,0,0,10,0,89.52,7756.82,1,2,1
1783,0,1,0,0,57,1,61.8,328.71,2,2,1
1784,0,1,1,0,26,0,76.56,6032.96,2,1,0
1785,1,1,0,1,20,0,84.91,4210.32,0,3,1
1786,0,1,0,1,38,1,55.02,2961.59,0,3,0
1787,0,0,0,1,45,0,111.71,545.42,0,2,0
1788,0,0,0,1,65,2,33.4,4984.89,1,2,0
1789,1,1,1,0,35,0,87.15,4690.06,1,1,0
1790,0,0,0,0,64,0,20.44,2261.45,2,0,1
1791,1,1,1,1,62,1,112.47,7283.57,1,3,1
1792,0,1,1,0,34,1,31.25,2446.8,0,3,1
1793,1,0,1,1,30,0,29.49,3608.81,1,1,0
1794,1,0,1,1,27,1,53.3,4359.22,1,1,0
1795,0,0,0,1,0,2,57.36,819.85,1,3,1
1796,0,1,0,0,24,2,41.43,7458.65,1,3,0
1797,1,0,1,0,42,1,78.51,3008.8,0,2,0
1798,0,1,1,0,66,0,64.29,664.62,0,0,0
1799,1,0,1,0,62,2,23.42,3110.58,2,3,1
1800,1,0,1,1,50,2,51.97,4809.62,2,1,1
1801,1,1,0,0,1,0,101.04,4118.95,2,2,1
1802,1,1,1,0,63,1,88.97,5562.44,1,2,0
1803,1,1,0,0,68,2,92.49,462.76,1,1,1
1804,0,1,1,1,8,0,89.81,2290.63,0,1,1
1805,1,1,1,1,1,0,51.1,6557.46,2,2,1
1806,1,1,1,0,33,2,29.97,657.55,0,1,0
1807,0,1,1,0,59,1,47.25,6846.78,2,2,0
1808,1,1,0,0,60,2,103.18,753.33,2,1,0
1809,0,0,0,0,30,0,118.05,6678.94,2,2,0
1810,0,1,0,1,9,2,69.38,2899.09,1,3,0
1811,0,1,1,0,35,1,20.97,4905.43,2,3,1
1812,1,0,1,0,48,0,34.0,1240.04,2,1,1
1813,1,1,0,0,69,1,52.21,548.03,1,0,0
1814,1,0,0,1,48,2,77.86,1743.19,2,3,0
1815,0,0,1,1,2,2,27.51,1040.27,1,2,1
1816,1,1,1,0,4,1,114.34,2513.0,1,0,0
1817,0,0,0,0,60,2,56.51,4124.78,0,2,0
1818,1,1,1,0,25,1,111.26,4718.3,1,2,0
1819,0,0,1,0,71,2,98.05,6323.15,1,3,0
1820,1,0,0,0,4,1,95.54,5256.79,1,1,0
1821,1,0,1,1,14,1,80.67,4877.89,2,1,1
1822,1,1,0,1,15,0,82.68,3306.02,0,2,1
1823,0,1,1,1,0,0,83.8,3800.99,2,3,0
1824,0,0,0,0,15,1,82.87,3327.88,1,2,0
1825,1,0,1,1,36,2,75.37,6740.48,1,0,1
1826,1,1,0,1,2,2,118.64,1855.4,0,2,0
1827,0,1,0,1,51,2,93.23,65.65,0,3,1
1828,0,0,0,0,46,1,97.69,5217.53,1,2,0
1829,0,0,0,0,12,1,107.25,1635.65,1,3,1
1830,1,1,1,1,54,1,41.56,7123.12,2,1,1
1831,0,1,1,0,20,1,28.38,6875.19,1,3,0
1832,1,1,0,1,65,0,68.29,632.28,2,0,0
1833,0,1,1,1,53,1,71.41,868.98,0,3,1
1834,1,1,1,1,26,2,102.92,3971.47,2,0,0
1835,0,0,1,1,37,0,64.38,4881.6,1,0,1
1836,0,1,1,0,57,2,77.09,2213.77,2,2,0
1837,0,0,1,0,61,1,72.71,5740.05,2,0,0
1838,0,1,0,0,45,0,23.82,4767.43,0,3,0
1839,0,0,0,0,10,1,81.52,2612.1,2,1,1
1840,1,1,0,1,71,0,102.8,222.46,1,3,1
1841,0,1,0,0,7,2,35.75,6006.2,2,1,0
1842,0,0,1,1,70,1,79.43,1733.73,2,0,1
1843,0,0,1,0,63,1,79.36,6679.1,2,2,0
1844,1,1,0,0,20,0,36.42,3373.92,1,0,1
1845,0,1,1,0,71,0,32.35,4625.08,2,0,0
1846,1,1,1,1,62,1,118.01,6986.13,1,1,1
1847,0,1,0,1,63,0,59.37,6911.71,2,3,1
1848,0,1,1,1,19,1,42.74,2984.73,0,2,1
1849,1,0,0,1,7,0,37.13,1686.93,0,2,1
1850,0,0,0,0,57,2,86.76,6205.67,0,2,1
1851,1,1,1,1,45,0,80.94,3475.98,1,2,1
1852,1,0,1,1,30,2,84.36,1552.5,1,3,0
1853,0,0,0,0,8,0,28.8,7237.31,1,2,0
1854,1,0,0,0,14,0,109.35,1600.87,2,1,1
1855,0,1,1,1,25,1,58.93,225.94,1,1,0
1856,0,0,0,0,9,0,51.34,181.83,1,2,1
1857,1,1,0,1,28,0,66.24,4986.08,1,2,0
1858,1,0,0,0,35,2,59.01,5300.17,1,3,0
1859,1,1,1,1,36,0,106.36,2502.11,0,3,0
1860,1,0,0,1,70,1,112.93,2573.69,2,2,0
1861,0,1,1,1,22,2,50.35,2729.16,0,3,1
1862,0,1,0,1,40,1,106.39,5447.67,2,0,0
1863,1,0,1,1,27,1,98.15,483.91,2,2,0
1864,0,1,0,0,47,1,113.08,7434.35,0,3,0
1865,0,1,1,1,37,1,44.58,1795.72,1,1,1
1866,0,1,1,1,30,2,77.7,7997.39,0,2,0
1867,0,1,1,1,13,0,47.45,1388.75,2,2,1
1868,1,1,0,1,28,1,102.41,6176.94,2,1,1
1869,1,1,0,1,50,2,20.53,1802.83,1,1,0
1870,0,1,0,0,48,1,76.48,665.16,0,3,1
1871,1,1,1,0,42,0,53.92,7001.97,2,1,0
1872,1,0,0,1,71,2,52.27,6872.84,0,0,0
1873,1,0,1,0,4,2,84.49,3240.49,1,2,0
1874,0,1,0,1,41,0,105.15,5625.12,1,0,0
1875,0,1,1,0,6,2,80.92,4465.39,2,3,0
1876,0,0,1,0,41,0,105.32,6826.59,1,1,0
1877,1,0,1,1,35,2,46.46,2534.15,2,2,0
1878,0,0,0,0,26,2,71.95,4198.91,2,1,1
1879,0,1,0,0,57,0,65.05,3893.27,1,1,1
1880,1,0,0,1,45,0,21.16,2844.17,1,3,0
1881,0,1,1,1,65,2,75.68,7133.81,0,3,0
1882,0,1,1,0,24,2,86.15,1343.71,0,3,1
1883,1,0,0,0,26,0,79.19,1213.08,2,3,0
1884,1,1,0,0,0,0,93.63,4623.74,0,2,1
1885,1,1,0,1,41,2,77.13,5266.8,2,0,1
1886,0,1,1,0,51,2,26.68,1573.06,1,0,0
1887,0,1,1,0,24,2,31.64,3137.93,1,2,0
1888,0,0,1,0,53,0,79.65,7573.58,0,1,1
1889,1,0,1,1,66,2,47.5,1988.01,2,2,1
1890,1,1,1,1,5,1,27.96,5353.52,2,0,0
1891,0,1,0,1,57,0,62.96,5926.39,0,0,0
1892,0,0,1,1,69,2,75.43,3596.07,2,2,1
1893,1,1,1,0,52,0,52.87,7501.46,2,3,1
1894,1,0,1,1,65,1,92.04,5898.52,1,1,1
1895,1,1,1,0,57,0,84.38,3674.24,2,2,0
1896,1,1,1,0,1,2,53.28,4563.29,2,0,0
1897,0,0,0,0,21,1,95.49,5547.06,2,3,0
1898,1,0,1,0,36,1,84.87,4745.68,0,1,1
1899,0,0,1,1,19,2,83.74,7032.01,0,0,1
1900,0,0,1,1,23,2,75.34,2867.97,0,1,0
1901,0,1,0,1,64,2,21.14,2413.09,2,3,1
1902,1,0,0,1,64,0,89.65,1726.43,2,0,1
1903,1,1,0,1,0,0,57.6,321.51,0,3,1
1904,1,0,1,0,2,0,114.26,363.25,0,2,1
1905,1,0,0,1,45,2,101.8,6963.04,2,2,1
1906,0,1,1,1,54,2,78.77,5433.58,2,1,0
1907,1,0,1,1,63,0,45.22,5291.05,1,3,0
1908,1,0,0,1,44,1,40.37,4924.85,0,3,0
1909,0,0,1,0,25,0,54.04,6796.77,2,1,0
1910,1,0,1,0,64,1,67.66,3852.53,0,1,0
1911,0,1,1,0,23,2,49.61,6965.88,0,1,1
1912,0,1,0,0,34,2,71.49,2888.37,0,2,1
1913,0,0,1,0,23,0,36.54,7415.13,1,1,1
1914,0,0,1,1,27,0,117.77,5595.28,2,2,0
1915,0,0,0,0,15,2,30.79,2072.27,2,1,1
1916,0,1,1,0,58,0,113.19,4521.4,0,3,1
1917,0,1,1,0,53,2,111.36,4273.58,2,3,1
1918,0,1,0,1,15,2,72.54,1120.43,1,1,0
1919,1,1,1,1,14,1,92.49,4738.12,0,1,1
1920,1,0,1,0,10,0,63.6,2531.99,1,2,1
1921,1,0,1,1,64,2,83.0,437.74,1,0,0
1922,1,0,1,1,67,0,54.06,7590.28,2,2,0
1923,0,1,1,0,42,1,50.12,5139.09,2,3,1
1924,1,0,0,1,68,1,77.82,7017.81,1,1,0
1925,0,1,0,1,12,0,69.81,5414.93,2,3,1
1926,1,1,0,1,9,0,77.95,2868.73,1,0,0
1927,1,0,0,0,40,2,48.67,4111.25,1,2,1
1928,1,0,1,0,49,1,56.7,5412.46,0,3,1
1929,0,0,1,0,70,1,28.39,7682.81,1,2,0
1930,1,1,1,1,58,1,25.23,2044.28,1,1,0
1931,0,1,1,0,38,0,45.35,7002.32,2,3,0
1932,0,0,1,1,2,2,27.42,7394.14,0,0,0
1933,1,0,0,1,6,0,30.38,5369.92,2,2,1
1934,1,1,0,1,48,0,101.29,7451.51,0,2,0
1935,1,0,1,0,25,0,23.89,3195.07,2,0,1
1936,0,1,1,0,32,2,85.89,7625.07,1,3,1
1937,1,1,1,0,47,0,47.26,5628.21,0,3,1
1938,0,0,0,0,1,1,107.15,355.21,0,2,0
1939,0,0,1,1,70,1,68.5,7256.85,0,0,1
1940,1,0,1,0,31,1,50.56,3886.09,0,2,1
1941,1,0,1,1,3,2,71.76,3693.41,2,2,0
1942,0,1,0,0,19,0,58.2,4540.4,2,1,1
1943,0,1,1,0,35,2,76.43,1212.09,0,3,1
1944,0,1,0,0,31,0,31.45,3763.95,0,3,1
1945,1,0,0,1,27,1,119.7,6652.4,0,1,0
1946,0,1,0,1,0,0,62.56,143.55,2,3,1
1947,1,0,0,1,59,0,54.82,2197.88,0,3,1
1948,0,0,0,1,55,0,91.02,39.59,0,3,1
1949,0,0,0,1,34,2,56.39,3337.38,0,0,0
1950,1,0,1,0,29,0,103.33,5831.96,2,1,0
1951,0,0,1,1,53,0,65.43,6394.2,1,2,0
1952,1,0,1,1,35,0,91.96,7562.61,1,0,1
1953,1,1,0,1,54,2,30.75,4875.87,2,2,1
1954,0,0,1,1,57,2,104.61,2051.92,1,1,1
1955,1,1,0,0,64,2,93.57,7394.7,0,1,1
1956,1,1,0,1,68,0,41.17,6207.02,0,1,1
1957,0,0,0,0,50,1,34.53,4603.94,2,3,0
1958,1,0,1,0,21,1,51.63,5571.21,2,0,1
1959,1,0,0,0,52,1,117.61,7396.04,1,1,1
1960,1,1,0,1,35,0,45.68,5704.9,1,2,0
1961,0,0,1,0,67,1,65.61,2959.63,0,3,0
1962,1,1,1,1,35,1,23.0,5709.97,2,3,1
1963,0,0,0,1,51,1,59.72,341.42,1,0,0
1964,0,0,0,1,52,0,77.13,3103.6,1,0,0
1965,1,1,1,1,49,1,115.31,3262.46,0,0,0
1966,1,1,1,1,40,1,71.67,1351.37,0,3,1
1967,1,0,1,0,17,0,101.91,204.22,0,1,0
1968,0,1,0,0,21,2,74.71,1084.38,0,2,1
1969,1,1,1,1,65,1,24.08,5243.88,1,1,0
1970,1,1,1,0,20,2,51.5,6422.26,2,2,1
1971,1,1,1,1,43,1,77.55,7905.86,2,1,1
1972,1,1,0,0,46,0,115.06,2783.98,0,0,1
1973,1,0,1,0,38,2,105.91,4803.05,0,2,0
1974,0,0,1,0,28,2,42.84,7498.42,1,3,0
1975,0,1,1,0,53,2,42.01,1352.99,0,2,0
1976,1,0,1,0,16,2,40.12,5746.81,2,3,1
1977,1,0,1,1,59,1,112.25,6044.73,0,1,0
1978,1,1,0,1,30,1,105.27,730.02,2,0,0
1979,1,0,0,0,48,2,97.49,6892.77,0,2,1
1980,0,1,0,1,1,1,59.27,6508.58,0,3,0
1981,1,1,1,0,47,2,70.44,286.56,2,1,1
1982,0,0,0,1,13,2,66.43,746.85,1,0,0
1983,0,1,0,0,58,0,45.34,412.03,1,0,1
1984,1,1,0,0,57,2,70.5,2691.25,0,0,1
1985,0,1,1,0,57,1,23.05,4084.13,0,1,0
1986,0,1,1,1,50,2,33.18,4268.13,2,1,1
1987,0,1,0,1,1,0,108.66,2155.98,2,1,0
1988,0,0,0,0,40,1,95.17,7294.54,0,0,0
1989,1,0,1,0,15,0,62.29,2958.74,2,2,0
1990,1,1,1,1,3,0,71.72,383.49,1,3,0
1991,0,1,0,1,11,2,57.0,2415.81,1,1,1
1992,1,0,1,1,28,0,94.08,4258.25,2,2,1
1993,1,1,0,1,6,0,98.42,3277.61,2,3,1
1994,1,0,1,1,13,1,96.33,2205.26,2,0,0
1995,1,1,0,0,11,0,92.26,1067.96,1,2,0
1996,1,1,0,1,4,2,40.45,6556.93,0,0,1
1997,0,1,1,0,31,2,53.8,7969.24,2,3,1
1998,1,1,0,0,42,2,66.98,2649.75,2,1,0
1999,1,1,0,1,68,0,53.08,3065.34,2,0,0
2000,1,1,0,1,44,1,95.49,4951.94,0,2,0
